0,WEAgent1,MALE_YOUNG_HIGH_INCOME,310,310.0,310,310.0
0,WEAgent2,FEMALE_YOUNG_LOW_INCOME,792,792.0,792,792.0
0,WEAgent0,FEMALE_OLD_HIGH_INCOME,244,244.0,0,0.0
0,WEAgent5,MALE_YOUNG_LOW_INCOME,734,734.0,0,0.0
0,WEAgent6,YOUNG_HIGH_INCOME,463,463.0,0,0.0
0,WEAgent3,OLD,1082,1082.0,1081,1081.324999999997
0,WEAgent4,OLD_LOW_INCOME,2517,2517.0,2491,2491.2939999999962
0,SIAgent5,MALE_LOW_INCOME,1452,1452.0,667,667.0
0,SIAgent3,FEMALE,1008,1008.0,1008,1008.0
0,SIAgent4,MALE_OLD_HIGH_INCOME,484,484.0,2,0.0
0,SIAgent1,FEMALE,2017,2017.0,2284,1012.0
0,SIAgent2,MALE_YOUNG_LOW_INCOME,734,734.0,683,683.0
0,SIAgent0,MALE_YOUNG,470,470.0,583,470.0
0,WEAgent7,FEMALE_HIGH_INCOME,132,132.0,0,0.0
1,WEAgent1,FEMALE_HIGH_INCOME,265,265.0,0,0.0
1,WEAgent2,LOW_INCOME,4807,4807.0,5573,1837.0
1,WEAgent0,FEMALE_HIGH_INCOME,265,265.0,0,0.0
1,WEAgent5,MALE_HIGH_INCOME,530,530.0,0,0.0
1,WEAgent6,MALE,2973,2973.0,0,0.0
1,WEAgent3,OLD_LOW_INCOME,839,839.0,2421,0.0
1,WEAgent4,FEMALE_YOUNG_HIGH_INCOME,51,51.0,0,0.0
1,SIAgent5,FEMALE_YOUNG_HIGH_INCOME,102,102.0,102,102.0
1,SIAgent3,MALE_YOUNG,941,941.0,153,153.0
1,SIAgent4,MALE_HIGH_INCOME,795,795.0,488,488.0
1,SIAgent1,MALE_YOUNG,941,941.0,151,151.0
1,SIAgent2,HIGH_INCOME,1192,1192.0,980,752.0
1,SIAgent0,FEMALE_HIGH_INCOME,132,132.0,132,132.0
1,WEAgent7,YOUNG_LOW_INCOME,2289,2289.0,0,0.0
2,WEAgent1,FEMALE_OLD,1684,1684.0,1683,1683.459999999996
2,WEAgent2,MALE_OLD_HIGH_INCOME,323,323.0,0,0.0
2,WEAgent0,MALE_OLD_LOW_INCOME,718,718.0,0,0.0
2,WEAgent5,FEMALE_OLD_LOW_INCOME,960,960.0,0,0.0
2,WEAgent6,OLD_LOW_INCOME,839,839.0,0,0.0
2,WEAgent3,FEMALE_LOW_INCOME,876,876.0,875,875.4799999999913
2,WEAgent4,MALE_OLD,1561,1561.0,0,0.0
2,SIAgent5,OLD,3246,3246.0,1509,1219.0
2,SIAgent3,MALE_OLD,1041,1041.0,1041,1041.0
2,SIAgent4,MALE_HIGH_INCOME,530,530.0,767,226.0
2,SIAgent1,FEMALE_YOUNG,894,894.0,1040,807.0
2,SIAgent2,OLD_HIGH_INCOME,486,486.0,432,432.0
2,SIAgent0,FEMALE_YOUNG_LOW_INCOME,792,792.0,771,771.0
2,WEAgent7,FEMALE_OLD_LOW_INCOME,1440,1440.0,0,0.0
3,WEAgent1,MALE_OLD_LOW_INCOME,1077,1077.0,0,0.0
3,WEAgent2,OLD,2164,2164.0,2130,2130.0
3,WEAgent0,MALE_OLD,520,520.0,0,0.0
3,WEAgent5,HIGH_INCOME,1192,1192.0,0,0.0
3,WEAgent6,MALE,1982,1982.0,0,0.0
3,WEAgent3,MALE_YOUNG_HIGH_INCOME,206,206.0,0,0.0
3,WEAgent4,MALE_YOUNG_LOW_INCOME,367,367.0,0,0.0
3,SIAgent5,OLD_HIGH_INCOME,729,729.0,0,0.0
3,SIAgent3,MALE_LOW_INCOME,726,726.0,850,0.0
3,SIAgent4,FEMALE_OLD,1123,1123.0,2379,0.0
3,SIAgent1,FEMALE_YOUNG_LOW_INCOME,792,792.0,792,792.0
3,SIAgent2,FEMALE_YOUNG,1341,1341.0,1072,772.0
3,SIAgent0,FEMALE_OLD_HIGH_INCOME,162,162.0,0,0.0
3,WEAgent7,YOUNG,2753,2753.0,2777,2229.0
4,WEAgent1,MALE_YOUNG,1411,1411.0,1403,894.71599999999
4,WEAgent2,OLD_LOW_INCOME,2517,2517.0,2516,2516.721999999986
4,WEAgent0,MALE_OLD_LOW_INCOME,1077,1077.0,0,0.0
4,WEAgent5,MALE_OLD_HIGH_INCOME,323,323.0,801,0.0
4,WEAgent6,MALE_OLD_LOW_INCOME,359,359.0,0,0.0
4,WEAgent3,OLD_LOW_INCOME,1678,1678.0,1657,1657.71399999999
4,WEAgent4,MALE_YOUNG_LOW_INCOME,734,734.0,733,733.7329999999896
4,SIAgent5,OLD_LOW_INCOME,2517,2517.0,0,0.0
4,SIAgent3,MALE_OLD_LOW_INCOME,1077,1077.0,1,1.0
4,SIAgent4,FEMALE_YOUNG_LOW_INCOME,792,792.0,1978,0.0
4,SIAgent1,FEMALE_OLD_LOW_INCOME,480,480.0,0,0.0
4,SIAgent2,FEMALE_OLD_HIGH_INCOME,244,244.0,395,0.0
4,SIAgent0,MALE_YOUNG_LOW_INCOME,367,367.0,244,0.0
4,WEAgent7,FEMALE_OLD_LOW_INCOME,1440,1440.0,0,0.0
5,WEAgent1,FEMALE_YOUNG_HIGH_INCOME,51,51.0,0,0.0
5,WEAgent2,MALE_YOUNG,1411,1411.0,0,0.0
5,WEAgent0,FEMALE_LOW_INCOME,2628,2628.0,0,0.0
5,WEAgent5,MALE_LOW_INCOME,726,726.0,0,0.0
5,WEAgent6,FEMALE_OLD_LOW_INCOME,480,480.0,480,480.0
5,WEAgent3,FEMALE_YOUNG_LOW_INCOME,396,396.0,0,0.0
5,WEAgent4,MALE_OLD_LOW_INCOME,359,359.0,0,0.0
5,SIAgent5,FEMALE_YOUNG_HIGH_INCOME,102,102.0,84,84.0
5,SIAgent3,MALE_HIGH_INCOME,530,530.0,1130,268.0
5,SIAgent4,FEMALE_YOUNG_HIGH_INCOME,153,153.0,69,69.0
5,SIAgent1,LOW_INCOME,3204,3204.0,5591,1994.0
5,SIAgent2,FEMALE,3026,3026.0,2397,1983.0
5,SIAgent0,MALE_YOUNG_HIGH_INCOME,310,310.0,249,249.0
5,WEAgent7,FEMALE_YOUNG,447,447.0,0,0.0
6,WEAgent1,FEMALE,3026,3026.0,2998,2600.3829999999925
6,WEAgent2,FEMALE_OLD_HIGH_INCOME,81,81.0,0,0.0
6,WEAgent0,OLD,1082,1082.0,1319,551.5509999999939
6,WEAgent5,FEMALE_OLD_HIGH_INCOME,244,244.0,0,0.0
6,WEAgent6,LOW_INCOME,1602,1602.0,1601,1601.5259999999907
6,WEAgent3,MALE_YOUNG_HIGH_INCOME,206,206.0,0,0.0
6,WEAgent4,YOUNG_HIGH_INCOME,309,309.0,0,0.0
6,SIAgent5,FEMALE_OLD_LOW_INCOME,1440,1440.0,38,0.0
6,SIAgent3,YOUNG,1835,1835.0,1367,863.0
6,SIAgent4,FEMALE_YOUNG_LOW_INCOME,396,396.0,18,18.0
6,SIAgent1,FEMALE_YOUNG,447,447.0,24,24.0
6,SIAgent2,MALE_LOW_INCOME,2178,2178.0,1796,1741.0
6,SIAgent0,OLD_LOW_INCOME,839,839.0,839,839.0
6,WEAgent7,FEMALE_YOUNG,447,447.0,0,0.0
7,WEAgent1,FEMALE_LOW_INCOME,876,876.0,0,0.0
7,WEAgent2,OLD_HIGH_INCOME,729,729.0,0,0.0
7,WEAgent0,OLD_HIGH_INCOME,243,243.0,0,0.0
7,WEAgent5,MALE,991,991.0,0,0.0
7,WEAgent6,FEMALE_OLD_LOW_INCOME,1440,1440.0,1440,1440.0
7,WEAgent3,MALE,2973,2973.0,0,0.0
7,WEAgent4,FEMALE_OLD,561,561.0,0,0.0
7,SIAgent5,MALE_LOW_INCOME,2178,2178.0,1,0.0
7,SIAgent3,OLD,2164,2164.0,1018,1018.0
7,SIAgent4,HIGH_INCOME,1192,1192.0,877,877.0
7,SIAgent1,FEMALE_OLD,1684,1684.0,571,571.0
7,SIAgent2,MALE_YOUNG_HIGH_INCOME,310,310.0,263,263.0
7,SIAgent0,FEMALE_HIGH_INCOME,397,397.0,238,238.0
7,WEAgent7,LOW_INCOME,4807,4807.0,5592,3606.0
8,WEAgent1,FEMALE_YOUNG,1341,1341.0,1769,770.5429999999928
8,WEAgent2,FEMALE,1008,1008.0,1006,1007.0059999999831
8,WEAgent0,FEMALE_YOUNG_LOW_INCOME,1188,1188.0,0,0.0
8,WEAgent5,MALE_YOUNG_LOW_INCOME,734,734.0,734,734.0
8,WEAgent6,MALE_LOW_INCOME,2178,2178.0,0,0.0
8,WEAgent3,OLD_LOW_INCOME,1678,1678.0,1677,1677.4769999999955
8,WEAgent4,FEMALE_OLD_HIGH_INCOME,162,162.0,0,0.0
8,SIAgent5,MALE_LOW_INCOME,726,726.0,1735,599.0
8,SIAgent3,HIGH_INCOME,397,397.0,900,397.0
8,SIAgent4,FEMALE_YOUNG_HIGH_INCOME,153,153.0,0,0.0
8,SIAgent1,OLD,3246,3246.0,1104,1104.0
8,SIAgent2,OLD_HIGH_INCOME,486,486.0,389,389.0
8,SIAgent0,OLD_LOW_INCOME,839,839.0,679,679.0
8,WEAgent7,FEMALE_YOUNG_LOW_INCOME,1188,1188.0,0,0.0
9,WEAgent1,FEMALE_HIGH_INCOME,265,265.0,0,0.0
9,WEAgent2,FEMALE_YOUNG,447,447.0,0,0.0
9,WEAgent0,HIGH_INCOME,1192,1192.0,0,0.0
9,WEAgent5,MALE_OLD_LOW_INCOME,1077,1077.0,0,0.0
9,WEAgent6,FEMALE,1008,1008.0,794,794.7939999999882
9,WEAgent3,FEMALE_YOUNG,1341,1341.0,1025,872.6209999999905
9,WEAgent4,FEMALE,1008,1008.0,794,794.7939999999882
9,SIAgent5,MALE_OLD_HIGH_INCOME,484,484.0,20,20.0
9,SIAgent3,FEMALE_YOUNG_HIGH_INCOME,51,51.0,0,0.0
9,SIAgent4,FEMALE_OLD_HIGH_INCOME,81,81.0,0,0.0
9,SIAgent1,MALE_LOW_INCOME,1452,1452.0,2842,0.0
9,SIAgent2,FEMALE_HIGH_INCOME,132,132.0,0,0.0
9,SIAgent0,MALE_OLD_HIGH_INCOME,161,161.0,24,24.0
9,WEAgent7,MALE_OLD,1561,1561.0,1561,1561.0
10,WEAgent1,MALE_LOW_INCOME,2178,2178.0,0,0.0
10,WEAgent2,OLD_HIGH_INCOME,243,243.0,242,242.2420000000008
10,WEAgent0,FEMALE_YOUNG_LOW_INCOME,1188,1188.0,0,0.0
10,WEAgent5,MALE,991,991.0,1082,765.2479999999973
10,WEAgent6,LOW_INCOME,1602,1602.0,0,0.0
10,WEAgent3,FEMALE_OLD,1684,1684.0,0,0.0
10,WEAgent4,LOW_INCOME,4807,4807.0,4807,4807.0
10,SIAgent5,FEMALE_HIGH_INCOME,265,265.0,265,265.0
10,SIAgent3,MALE_OLD_LOW_INCOME,718,718.0,0,0.0
10,SIAgent4,FEMALE,3026,3026.0,3130,678.0
10,SIAgent1,YOUNG,1835,1835.0,472,472.0
10,SIAgent2,MALE_LOW_INCOME,1452,1452.0,1,1.0
10,SIAgent0,MALE_YOUNG_LOW_INCOME,367,367.0,1,1.0
10,WEAgent7,MALE_OLD_HIGH_INCOME,161,161.0,0,0.0
11,WEAgent1,MALE_OLD_LOW_INCOME,359,359.0,0,0.0
11,WEAgent2,MALE_OLD,1041,1041.0,0,0.0
11,WEAgent0,MALE_YOUNG_HIGH_INCOME,310,310.0,0,0.0
11,WEAgent5,MALE_HIGH_INCOME,530,530.0,1005,245.2450000000008
11,WEAgent6,MALE_YOUNG_HIGH_INCOME,310,310.0,0,0.0
11,WEAgent3,YOUNG_LOW_INCOME,763,763.0,0,0.0
11,WEAgent4,MALE_LOW_INCOME,726,726.0,0,0.0
11,SIAgent5,FEMALE_YOUNG_HIGH_INCOME,51,51.0,51,51.0
11,SIAgent3,LOW_INCOME,4807,4807.0,4291,2475.0
11,SIAgent4,FEMALE,3026,3026.0,2423,1869.0
11,SIAgent1,YOUNG_LOW_INCOME,1526,1526.0,1332,1332.0
11,SIAgent2,MALE_YOUNG_HIGH_INCOME,310,310.0,0,0.0
11,SIAgent0,MALE_YOUNG,941,941.0,590,590.0
11,WEAgent7,MALE_HIGH_INCOME,530,530.0,308,308.3079999999996
12,WEAgent1,MALE_YOUNG_HIGH_INCOME,310,310.0,0,0.0
12,WEAgent2,OLD_LOW_INCOME,1678,1678.0,0,0.0
12,WEAgent0,MALE_YOUNG,1411,1411.0,0,0.0
12,WEAgent5,FEMALE,1008,1008.0,970,970.0
12,WEAgent6,LOW_INCOME,3204,3204.0,3193,3193.0
12,WEAgent3,MALE_OLD_HIGH_INCOME,484,484.0,0,0.0
12,WEAgent4,MALE_YOUNG,941,941.0,0,0.0
12,SIAgent5,HIGH_INCOME,795,795.0,337,8.0
12,SIAgent3,FEMALE_YOUNG_LOW_INCOME,792,792.0,792,792.0
12,SIAgent4,MALE_YOUNG,470,470.0,166,166.0
12,SIAgent1,MALE_YOUNG_LOW_INCOME,367,367.0,151,151.0
12,SIAgent2,LOW_INCOME,3204,3204.0,3390,955.0
12,SIAgent0,FEMALE_HIGH_INCOME,397,397.0,10,10.0
12,WEAgent7,MALE,991,991.0,991,991.0
13,WEAgent1,FEMALE_OLD,1123,1123.0,0,0.0
13,WEAgent2,OLD_HIGH_INCOME,729,729.0,0,0.0
13,WEAgent0,MALE,2973,2973.0,2921,1470.1669999999988
13,WEAgent5,OLD,2164,2164.0,3019,146.14600000000033
13,WEAgent6,FEMALE_HIGH_INCOME,265,265.0,0,0.0
13,WEAgent3,YOUNG_HIGH_INCOME,154,154.0,154,154.0
13,WEAgent4,MALE_HIGH_INCOME,530,530.0,0,0.0
13,SIAgent5,MALE_YOUNG,941,941.0,1084,817.0
13,SIAgent3,MALE_OLD_HIGH_INCOME,323,323.0,0,0.0
13,SIAgent4,YOUNG_HIGH_INCOME,309,309.0,55,55.0
13,SIAgent1,MALE_HIGH_INCOME,795,795.0,5,5.0
13,SIAgent2,YOUNG_LOW_INCOME,763,763.0,2459,763.0
13,SIAgent0,YOUNG_HIGH_INCOME,154,154.0,47,47.0
13,WEAgent7,YOUNG_HIGH_INCOME,309,309.0,0,0.0
14,WEAgent1,FEMALE_YOUNG,1341,1341.0,0,0.0
14,WEAgent2,HIGH_INCOME,1192,1192.0,1192,1192.0
14,WEAgent0,FEMALE,3026,3026.0,3057,2610.3829999999934
14,WEAgent5,FEMALE_YOUNG_HIGH_INCOME,102,102.0,0,0.0
14,WEAgent6,YOUNG_LOW_INCOME,1526,1526.0,1526,1526.0
14,WEAgent3,FEMALE_OLD,561,561.0,2005,362.3619999999983
14,WEAgent4,YOUNG_LOW_INCOME,763,763.0,0,0.0
14,SIAgent5,MALE_YOUNG_LOW_INCOME,1101,1101.0,165,165.0
14,SIAgent3,MALE_OLD_HIGH_INCOME,323,323.0,51,51.0
14,SIAgent4,MALE_OLD_LOW_INCOME,718,718.0,1785,0.0
14,SIAgent1,YOUNG,917,917.0,168,168.0
14,SIAgent2,YOUNG_HIGH_INCOME,463,463.0,5,5.0
14,SIAgent0,MALE_OLD_HIGH_INCOME,484,484.0,46,46.0
14,WEAgent7,FEMALE_YOUNG,1341,1341.0,0,0.0
15,WEAgent1,MALE_HIGH_INCOME,265,265.0,265,265.0
15,WEAgent2,MALE_OLD_LOW_INCOME,718,718.0,0,0.0
15,WEAgent0,MALE_YOUNG_LOW_INCOME,1101,1101.0,0,0.0
15,WEAgent5,FEMALE_OLD_LOW_INCOME,480,480.0,0,0.0
15,WEAgent6,MALE_OLD,520,520.0,520,520.0
15,WEAgent3,MALE_YOUNG_LOW_INCOME,1101,1101.0,0,0.0
15,WEAgent4,FEMALE,3026,3026.0,2960,2052.0
15,SIAgent5,FEMALE_LOW_INCOME,876,876.0,876,876.0
15,SIAgent3,MALE_LOW_INCOME,1452,1452.0,784,784.0
15,SIAgent4,MALE_LOW_INCOME,1452,1452.0,711,711.0
15,SIAgent1,MALE_YOUNG,1411,1411.0,232,232.0
15,SIAgent2,MALE_HIGH_INCOME,265,265.0,960,145.0
15,SIAgent0,FEMALE_OLD_LOW_INCOME,960,960.0,1166,868.0
15,WEAgent7,YOUNG_LOW_INCOME,1526,1526.0,1526,1526.0
16,WEAgent1,YOUNG_LOW_INCOME,2289,2289.0,0,0.0
16,WEAgent2,OLD_LOW_INCOME,839,839.0,838,838.8249999999874
16,WEAgent0,OLD_HIGH_INCOME,729,729.0,0,0.0
16,WEAgent5,OLD_LOW_INCOME,839,839.0,838,838.8379999999871
16,WEAgent6,FEMALE_YOUNG_LOW_INCOME,396,396.0,0,0.0
16,WEAgent3,FEMALE_OLD_HIGH_INCOME,162,162.0,0,0.0
16,WEAgent4,OLD,2164,2164.0,1674,1233.4859999999917
16,SIAgent5,MALE_YOUNG_HIGH_INCOME,310,310.0,509,0.0
16,SIAgent3,OLD_HIGH_INCOME,486,486.0,96,96.0
16,SIAgent4,FEMALE_YOUNG,447,447.0,447,447.0
16,SIAgent1,OLD_HIGH_INCOME,486,486.0,105,105.0
16,SIAgent2,FEMALE_OLD_HIGH_INCOME,162,162.0,88,88.0
16,SIAgent0,FEMALE,3026,3026.0,3573,531.0
16,WEAgent7,FEMALE_YOUNG,447,447.0,0,0.0
17,WEAgent1,FEMALE_OLD_HIGH_INCOME,162,162.0,161,161.1430000000003
17,WEAgent2,MALE_YOUNG_LOW_INCOME,734,734.0,0,0.0
17,WEAgent0,FEMALE_LOW_INCOME,2628,2628.0,2596,2596.6479999999874
17,WEAgent5,MALE_LOW_INCOME,2178,2178.0,2177,2177.3829999999934
17,WEAgent6,YOUNG_LOW_INCOME,763,763.0,762,762.3559999999984
17,WEAgent3,FEMALE_OLD_LOW_INCOME,1440,1440.0,0,0.0
17,WEAgent4,FEMALE_OLD_HIGH_INCOME,162,162.0,161,161.1610000000004
17,SIAgent5,MALE_YOUNG_HIGH_INCOME,206,206.0,522,0.0
17,SIAgent3,LOW_INCOME,1602,1602.0,409,409.0
17,SIAgent4,MALE_OLD,1041,1041.0,784,1.0
17,SIAgent1,FEMALE_OLD_HIGH_INCOME,81,81.0,89,0.0
17,SIAgent2,MALE_YOUNG_LOW_INCOME,734,734.0,370,370.0
17,SIAgent0,OLD_LOW_INCOME,1678,1678.0,37,37.0
17,WEAgent7,OLD_LOW_INCOME,1678,1678.0,1677,1677.629999999992
18,WEAgent1,YOUNG,917,917.0,0,0.0
18,WEAgent2,FEMALE,2017,2017.0,1994,1994.5499999999893
18,WEAgent0,YOUNG_HIGH_INCOME,309,309.0,0,0.0
18,WEAgent5,MALE_YOUNG_HIGH_INCOME,206,206.0,0,0.0
18,WEAgent6,MALE_OLD_LOW_INCOME,718,718.0,0,0.0
18,WEAgent3,FEMALE_YOUNG_LOW_INCOME,396,396.0,0,0.0
18,WEAgent4,FEMALE_OLD,561,561.0,560,560.4949999999951
18,SIAgent5,HIGH_INCOME,1192,1192.0,667,667.0
18,SIAgent3,MALE_LOW_INCOME,2178,2178.0,1795,1795.0
18,SIAgent4,LOW_INCOME,4807,4807.0,3863,2281.0
18,SIAgent1,FEMALE_HIGH_INCOME,132,132.0,0,0.0
18,SIAgent2,MALE_HIGH_INCOME,795,795.0,674,674.0
18,SIAgent0,FEMALE_YOUNG,447,447.0,447,447.0
18,WEAgent7,MALE_OLD_LOW_INCOME,1077,1077.0,0,0.0
19,WEAgent1,YOUNG_HIGH_INCOME,154,154.0,252,0.0
19,WEAgent2,FEMALE_HIGH_INCOME,132,132.0,0,0.0
19,WEAgent0,MALE_YOUNG_LOW_INCOME,1101,1101.0,1100,1100.4339999999966
19,WEAgent5,OLD_HIGH_INCOME,243,243.0,0,0.0
19,WEAgent6,OLD_HIGH_INCOME,729,729.0,0,0.0
19,WEAgent3,OLD_LOW_INCOME,839,839.0,0,0.0
19,WEAgent4,MALE_HIGH_INCOME,795,795.0,0,0.0
19,SIAgent5,MALE_HIGH_INCOME,265,265.0,433,179.0
19,SIAgent3,MALE_OLD_HIGH_INCOME,161,161.0,161,161.0
19,SIAgent4,MALE_YOUNG,470,470.0,342,0.0
19,SIAgent1,OLD_LOW_INCOME,2517,2517.0,1605,1605.0
19,SIAgent2,OLD,1082,1082.0,1337,1082.0
19,SIAgent0,OLD_LOW_INCOME,1678,1678.0,1642,1642.0
19,WEAgent7,MALE_YOUNG,941,941.0,914,914.4239999999942
20,WEAgent1,YOUNG_LOW_INCOME,1526,1526.0,1525,1525.2279999999969
20,WEAgent2,OLD,1082,1082.0,0,0.0
20,WEAgent0,FEMALE_LOW_INCOME,876,876.0,0,0.0
20,WEAgent5,MALE_HIGH_INCOME,795,795.0,0,0.0
20,WEAgent6,FEMALE_YOUNG_HIGH_INCOME,102,102.0,102,102.0
20,WEAgent3,HIGH_INCOME,795,795.0,0,0.0
20,WEAgent4,OLD,3246,3246.0,3242,3242.001
20,SIAgent5,MALE_YOUNG,941,941.0,357,357.0
20,SIAgent3,MALE_HIGH_INCOME,530,530.0,108,108.0
20,SIAgent4,MALE_YOUNG,470,470.0,388,388.0
20,SIAgent1,HIGH_INCOME,397,397.0,183,183.0
20,SIAgent2,OLD,2164,2164.0,2162,10.0
20,SIAgent0,YOUNG_HIGH_INCOME,463,463.0,161,161.0
20,WEAgent7,FEMALE_LOW_INCOME,1752,1752.0,1772,251.25100000000083
21,WEAgent1,MALE_OLD_LOW_INCOME,1077,1077.0,0,0.0
21,WEAgent2,OLD_LOW_INCOME,1678,1678.0,0,0.0
21,WEAgent0,HIGH_INCOME,1192,1192.0,0,0.0
21,WEAgent5,MALE,1982,1982.0,0,0.0
21,WEAgent6,LOW_INCOME,4807,4807.0,5502,3688.0
21,WEAgent3,FEMALE_OLD_HIGH_INCOME,162,162.0,0,0.0
21,WEAgent4,MALE_OLD_HIGH_INCOME,484,484.0,0,0.0
21,SIAgent5,OLD_LOW_INCOME,2517,2517.0,810,810.0
21,SIAgent3,FEMALE_YOUNG_HIGH_INCOME,153,153.0,151,86.0
21,SIAgent4,OLD,3246,3246.0,1544,1311.0
21,SIAgent1,FEMALE_LOW_INCOME,1752,1752.0,886,770.0
21,SIAgent2,MALE_OLD_HIGH_INCOME,323,323.0,323,323.0
21,SIAgent0,FEMALE_HIGH_INCOME,265,265.0,265,265.0
21,WEAgent7,MALE_OLD_HIGH_INCOME,484,484.0,0,0.0
22,WEAgent1,MALE,2973,2973.0,2877,2877.165999999999
22,WEAgent2,FEMALE_YOUNG_HIGH_INCOME,102,102.0,0,0.0
22,WEAgent0,FEMALE_LOW_INCOME,1752,1752.0,2086,1501.4999999999716
22,WEAgent5,OLD_LOW_INCOME,839,839.0,0,0.0
22,WEAgent6,MALE_YOUNG_LOW_INCOME,367,367.0,1839,0.0
22,WEAgent3,OLD,1082,1082.0,1080,1081.0799999999815
22,WEAgent4,FEMALE,2017,2017.0,2016,2016.5719999999908
22,SIAgent5,YOUNG_HIGH_INCOME,154,154.0,23,23.0
22,SIAgent3,MALE_HIGH_INCOME,530,530.0,8,8.0
22,SIAgent4,HIGH_INCOME,795,795.0,20,20.0
22,SIAgent1,HIGH_INCOME,397,397.0,29,29.0
22,SIAgent2,MALE_OLD,1561,1561.0,0,0.0
22,SIAgent0,FEMALE_YOUNG_LOW_INCOME,1188,1188.0,22,0.0
22,WEAgent7,OLD_LOW_INCOME,839,839.0,0,0.0
23,WEAgent1,FEMALE_OLD,1123,1123.0,0,0.0
23,WEAgent2,FEMALE_YOUNG_HIGH_INCOME,153,153.0,0,0.0
23,WEAgent0,OLD,2164,2164.0,0,0.0
23,WEAgent5,LOW_INCOME,4807,4807.0,4779,4779.0
23,WEAgent6,MALE_LOW_INCOME,726,726.0,0,0.0
23,WEAgent3,FEMALE_OLD_LOW_INCOME,480,480.0,480,480.0
23,WEAgent4,MALE_YOUNG,470,470.0,470,470.0
23,SIAgent5,YOUNG,2753,2753.0,632,503.0
23,SIAgent3,FEMALE_LOW_INCOME,2628,2628.0,1371,1371.0
23,SIAgent4,MALE_HIGH_INCOME,265,265.0,590,249.0
23,SIAgent1,OLD_LOW_INCOME,1678,1678.0,949,949.0
23,SIAgent2,FEMALE_HIGH_INCOME,132,132.0,132,132.0
23,SIAgent0,HIGH_INCOME,397,397.0,430,397.0
23,WEAgent7,OLD,2164,2164.0,0,0.0
24,WEAgent1,FEMALE_OLD,1684,1684.0,1683,1683.4029999999973
24,WEAgent2,FEMALE,3026,3026.0,3011,3011.3829999999934
24,WEAgent0,MALE_OLD,1041,1041.0,0,0.0
24,WEAgent5,OLD_LOW_INCOME,1678,1678.0,0,0.0
24,WEAgent6,FEMALE_OLD_HIGH_INCOME,162,162.0,0,0.0
24,WEAgent3,MALE_OLD_LOW_INCOME,359,359.0,0,0.0
24,WEAgent4,FEMALE_OLD_LOW_INCOME,1440,1440.0,0,0.0
24,SIAgent5,FEMALE_YOUNG,447,447.0,12,0.0
24,SIAgent3,MALE_OLD,1561,1561.0,71,71.0
24,SIAgent4,OLD,1082,1082.0,179,179.0
24,SIAgent1,MALE,1982,1982.0,1997,71.0
24,SIAgent2,OLD_HIGH_INCOME,729,729.0,0,0.0
24,SIAgent0,FEMALE_OLD,1684,1684.0,115,115.0
24,WEAgent7,MALE,2973,2973.0,2932,2932.0
25,WEAgent1,MALE_HIGH_INCOME,530,530.0,0,0.0
25,WEAgent2,FEMALE_YOUNG_HIGH_INCOME,153,153.0,0,0.0
25,WEAgent0,MALE_OLD_LOW_INCOME,1077,1077.0,0,0.0
25,WEAgent5,MALE_OLD_HIGH_INCOME,323,323.0,0,0.0
25,WEAgent6,MALE_OLD_LOW_INCOME,718,718.0,0,0.0
25,WEAgent3,OLD,1082,1082.0,0,0.0
25,WEAgent4,MALE_OLD_LOW_INCOME,359,359.0,0,0.0
25,SIAgent5,MALE_YOUNG,470,470.0,470,470.0
25,SIAgent3,HIGH_INCOME,1192,1192.0,281,281.0
25,SIAgent4,YOUNG,2753,2753.0,2495,1651.0
25,SIAgent1,FEMALE_YOUNG,1341,1341.0,1151,1151.0
25,SIAgent2,OLD,2164,2164.0,2730,231.0
25,SIAgent0,MALE_OLD_HIGH_INCOME,484,484.0,0,0.0
25,WEAgent7,MALE,2973,2973.0,2873,2873.0
26,WEAgent1,FEMALE_HIGH_INCOME,265,265.0,0,0.0
26,WEAgent2,OLD_HIGH_INCOME,729,729.0,0,0.0
26,WEAgent0,FEMALE_YOUNG_LOW_INCOME,396,396.0,0,0.0
26,WEAgent5,LOW_INCOME,1602,1602.0,1601,1601.237999999997
26,WEAgent6,OLD,3246,3246.0,3241,3241.234999999997
26,WEAgent3,HIGH_INCOME,1192,1192.0,0,0.0
26,WEAgent4,YOUNG_LOW_INCOME,2289,2289.0,0,0.0
26,SIAgent5,MALE_YOUNG_LOW_INCOME,367,367.0,367,367.0
26,SIAgent3,HIGH_INCOME,1192,1192.0,344,166.0
26,SIAgent4,MALE_YOUNG,1411,1411.0,768,768.0
26,SIAgent1,MALE_YOUNG_LOW_INCOME,367,367.0,367,367.0
26,SIAgent2,LOW_INCOME,3204,3204.0,3059,559.0
26,SIAgent0,MALE_YOUNG_HIGH_INCOME,206,206.0,151,151.0
26,WEAgent7,FEMALE_YOUNG_HIGH_INCOME,102,102.0,102,102.0
27,WEAgent1,YOUNG,917,917.0,916,916.3699999999933
27,WEAgent2,FEMALE_YOUNG_HIGH_INCOME,51,51.0,0,0.0
27,WEAgent0,FEMALE_YOUNG_HIGH_INCOME,51,51.0,0,0.0
27,WEAgent5,MALE_OLD_LOW_INCOME,1077,1077.0,0,0.0
27,WEAgent6,OLD,1082,1082.0,1082,1082.0
27,WEAgent3,MALE,991,991.0,0,0.0
27,WEAgent4,FEMALE_HIGH_INCOME,397,397.0,0,0.0
27,SIAgent5,OLD_HIGH_INCOME,486,486.0,437,437.0
27,SIAgent3,FEMALE_OLD_LOW_INCOME,480,480.0,480,480.0
27,SIAgent4,MALE,2973,2973.0,835,834.0
27,SIAgent1,MALE_LOW_INCOME,726,726.0,664,664.0
27,SIAgent2,FEMALE_YOUNG,1341,1341.0,1628,0.0
27,SIAgent0,OLD,3246,3246.0,1977,1600.0
27,WEAgent7,MALE,1982,1982.0,1981,1981.3999999999949
28,WEAgent1,YOUNG_LOW_INCOME,1526,1526.0,0,0.0
28,WEAgent2,HIGH_INCOME,1192,1192.0,1192,1192.0
28,WEAgent0,MALE_LOW_INCOME,2178,2178.0,0,0.0
28,WEAgent5,MALE_YOUNG,941,941.0,0,0.0
28,WEAgent6,MALE_YOUNG_HIGH_INCOME,310,310.0,0,0.0
28,WEAgent3,FEMALE,3026,3026.0,3026,3026.0
28,WEAgent4,MALE_OLD_HIGH_INCOME,323,323.0,0,0.0
28,SIAgent5,OLD_HIGH_INCOME,486,486.0,106,3.0
28,SIAgent3,LOW_INCOME,1602,1602.0,1602,1602.0
28,SIAgent4,MALE_OLD,520,520.0,520,520.0
28,SIAgent1,MALE_YOUNG_HIGH_INCOME,103,103.0,27,0.0
28,SIAgent2,LOW_INCOME,4807,4807.0,2693,2061.0
28,SIAgent0,FEMALE,1008,1008.0,834,824.0
28,WEAgent7,MALE_OLD,1041,1041.0,0,0.0
29,WEAgent1,FEMALE_YOUNG_LOW_INCOME,792,792.0,791,791.4339999999966
29,WEAgent2,OLD_LOW_INCOME,839,839.0,0,0.0
29,WEAgent0,FEMALE_YOUNG_LOW_INCOME,396,396.0,395,395.39499999999754
29,WEAgent5,OLD_LOW_INCOME,2517,2517.0,2525,722.0
29,WEAgent6,FEMALE_OLD_LOW_INCOME,960,960.0,0,0.0
29,WEAgent3,FEMALE_YOUNG_LOW_INCOME,396,396.0,395,395.39499999999754
29,WEAgent4,MALE_OLD,520,520.0,0,0.0
29,SIAgent5,MALE_YOUNG_LOW_INCOME,367,367.0,367,367.0
29,SIAgent3,OLD_HIGH_INCOME,729,729.0,992,187.0
29,SIAgent4,FEMALE,2017,2017.0,2272,377.0
29,SIAgent1,MALE_YOUNG_LOW_INCOME,367,367.0,367,367.0
29,SIAgent2,MALE_YOUNG_LOW_INCOME,734,734.0,1154,323.0
29,SIAgent0,FEMALE_YOUNG_LOW_INCOME,792,792.0,216,216.0
29,WEAgent7,FEMALE_OLD,561,561.0,0,0.0
30,WEAgent1,OLD_LOW_INCOME,2517,2517.0,0,0.0
30,WEAgent2,FEMALE,3026,3026.0,3006,1037.2260000000006
30,WEAgent0,OLD,3246,3246.0,3197,3197.2349999999965
30,WEAgent5,FEMALE,1008,1008.0,0,0.0
30,WEAgent6,YOUNG_HIGH_INCOME,154,154.0,0,0.0
30,WEAgent3,MALE_YOUNG,941,941.0,941,941.0
30,WEAgent4,FEMALE_OLD_LOW_INCOME,480,480.0,0,0.0
30,SIAgent5,HIGH_INCOME,795,795.0,25,25.0
30,SIAgent3,HIGH_INCOME,397,397.0,21,21.0
30,SIAgent4,MALE_YOUNG_LOW_INCOME,1101,1101.0,1342,0.0
30,SIAgent1,MALE_OLD,520,520.0,17,17.0
30,SIAgent2,OLD,1082,1082.0,1451,16.0
30,SIAgent0,OLD_HIGH_INCOME,243,243.0,0,0.0
30,WEAgent7,MALE_OLD,1561,1561.0,0,0.0
31,WEAgent1,MALE_YOUNG_HIGH_INCOME,206,206.0,0,0.0
31,WEAgent2,OLD_LOW_INCOME,839,839.0,0,0.0
31,WEAgent0,MALE_LOW_INCOME,1452,1452.0,914,914.9139999999853
31,WEAgent5,FEMALE,1008,1008.0,1006,1007.0059999999831
31,WEAgent6,FEMALE,2017,2017.0,1916,1315.6649999999886
31,WEAgent3,MALE_LOW_INCOME,1452,1452.0,926,926.925999999985
31,WEAgent4,FEMALE_OLD_LOW_INCOME,960,960.0,959,959.9589999999843
31,SIAgent5,FEMALE_OLD_LOW_INCOME,960,960.0,52,52.0
31,SIAgent3,OLD_LOW_INCOME,839,839.0,50,50.0
31,SIAgent4,MALE_YOUNG_LOW_INCOME,734,734.0,1812,0.0
31,SIAgent1,OLD_HIGH_INCOME,243,243.0,243,243.0
31,SIAgent2,HIGH_INCOME,1192,1192.0,1114,265.0
31,SIAgent0,OLD_LOW_INCOME,839,839.0,49,49.0
31,WEAgent7,FEMALE_OLD_LOW_INCOME,960,960.0,959,959.9309999999849
32,WEAgent1,YOUNG_HIGH_INCOME,309,309.0,534,0.0
32,WEAgent2,FEMALE_YOUNG,1341,1341.0,0,0.0
32,WEAgent0,FEMALE_LOW_INCOME,876,876.0,875,875.0520000000001
32,WEAgent5,MALE_OLD_HIGH_INCOME,161,161.0,161,161.0
32,WEAgent6,MALE_YOUNG_LOW_INCOME,734,734.0,0,0.0
32,WEAgent3,LOW_INCOME,4807,4807.0,4675,4675.80500000006
32,WEAgent4,FEMALE_YOUNG_HIGH_INCOME,153,153.0,0,0.0
32,SIAgent5,OLD_LOW_INCOME,2517,2517.0,391,391.0
32,SIAgent3,MALE_OLD,1561,1561.0,629,0.0
32,SIAgent4,FEMALE_OLD_HIGH_INCOME,81,81.0,81,81.0
32,SIAgent1,OLD_LOW_INCOME,839,839.0,409,409.0
32,SIAgent2,LOW_INCOME,4807,4807.0,440,419.0
32,SIAgent0,FEMALE_OLD,1684,1684.0,769,491.0
32,WEAgent7,FEMALE,1008,1008.0,1036,752.7519999999892
33,WEAgent1,OLD_HIGH_INCOME,243,243.0,0,0.0
33,WEAgent2,OLD_LOW_INCOME,1678,1678.0,1678,1678.0
33,WEAgent0,MALE_OLD_LOW_INCOME,1077,1077.0,0,0.0
33,WEAgent5,YOUNG_LOW_INCOME,1526,1526.0,1533,422.4219999999969
33,WEAgent6,FEMALE_OLD_LOW_INCOME,960,960.0,0,0.0
33,WEAgent3,MALE_OLD,520,520.0,0,0.0
33,WEAgent4,YOUNG_LOW_INCOME,2289,2289.0,2256,453.45299999999617
33,SIAgent5,HIGH_INCOME,1192,1192.0,949,652.0
33,SIAgent3,OLD_LOW_INCOME,1678,1678.0,1282,1234.0
33,SIAgent4,MALE_HIGH_INCOME,265,265.0,265,265.0
33,SIAgent1,FEMALE_OLD_LOW_INCOME,1440,1440.0,1210,1210.0
33,SIAgent2,HIGH_INCOME,397,397.0,397,397.0
33,SIAgent0,MALE_HIGH_INCOME,530,530.0,430,430.0
33,WEAgent7,FEMALE_YOUNG,447,447.0,0,0.0
34,WEAgent1,OLD_HIGH_INCOME,729,729.0,777,0.0
34,WEAgent2,FEMALE_YOUNG,894,894.0,1985,0.0
34,WEAgent0,MALE_YOUNG_LOW_INCOME,734,734.0,733,733.4649999999958
34,WEAgent5,MALE_LOW_INCOME,2178,2178.0,2177,2177.3829999999925
34,WEAgent6,OLD_LOW_INCOME,839,839.0,0,0.0
34,WEAgent3,MALE_OLD,520,520.0,0,0.0
34,WEAgent4,LOW_INCOME,1602,1602.0,1601,1601.4759999999903
34,SIAgent5,MALE_LOW_INCOME,2178,2178.0,191,191.0
34,SIAgent3,MALE_YOUNG_LOW_INCOME,367,367.0,131,131.0
34,SIAgent4,FEMALE_OLD,1684,1684.0,1396,221.0
34,SIAgent1,MALE_OLD_LOW_INCOME,718,718.0,17,17.0
34,SIAgent2,FEMALE_YOUNG_HIGH_INCOME,102,102.0,102,102.0
34,SIAgent0,FEMALE_HIGH_INCOME,397,397.0,361,321.03999999999905
34,WEAgent7,MALE_YOUNG_LOW_INCOME,1101,1101.0,0,0.0
35,WEAgent1,MALE_YOUNG_LOW_INCOME,734,734.0,734,734.0
35,WEAgent2,FEMALE_OLD_HIGH_INCOME,81,81.0,0,0.0
35,WEAgent0,FEMALE,3026,3026.0,3012,3012.3829999999925
35,WEAgent5,HIGH_INCOME,795,795.0,803,278.0
35,WEAgent6,OLD_LOW_INCOME,2517,2517.0,3259,2303.50699999999
35,WEAgent3,FEMALE_YOUNG_LOW_INCOME,396,396.0,0,0.0
35,WEAgent4,MALE_YOUNG_HIGH_INCOME,206,206.0,0,0.0
35,SIAgent5,FEMALE_YOUNG_LOW_INCOME,396,396.0,0,0.0
35,SIAgent3,MALE_OLD,1041,1041.0,269,269.0
35,SIAgent4,FEMALE_YOUNG,447,447.0,4,4.0
35,SIAgent1,MALE_LOW_INCOME,726,726.0,1124,23.0
35,SIAgent2,MALE_OLD,1041,1041.0,290,290.0
35,SIAgent0,FEMALE_HIGH_INCOME,132,132.0,26,1.0
35,WEAgent7,FEMALE_OLD_LOW_INCOME,480,480.0,479,479.47899999999555
36,WEAgent1,FEMALE_OLD,1684,1684.0,0,0.0
36,WEAgent2,MALE_LOW_INCOME,1452,1452.0,1451,1451.3779999999979
36,WEAgent0,MALE_YOUNG_HIGH_INCOME,103,103.0,437,100.10000000000011
36,WEAgent5,YOUNG_LOW_INCOME,2289,2289.0,0,0.0
36,WEAgent6,MALE_YOUNG,470,470.0,469,469.4689999999958
36,WEAgent3,MALE_YOUNG_LOW_INCOME,367,367.0,0,0.0
36,WEAgent4,MALE_LOW_INCOME,2178,2178.0,0,0.0
36,SIAgent5,YOUNG_LOW_INCOME,763,763.0,777,690.0
36,SIAgent3,FEMALE_HIGH_INCOME,397,397.0,219,219.0
36,SIAgent4,FEMALE_YOUNG_HIGH_INCOME,51,51.0,51,51.0
36,SIAgent1,FEMALE,2017,2017.0,1308,1308.0
36,SIAgent2,OLD,3246,3246.0,3116,549.0
36,SIAgent0,FEMALE_LOW_INCOME,2628,2628.0,1049,1049.0
36,WEAgent7,FEMALE_OLD,1123,1123.0,1123,1123.0
37,WEAgent1,MALE_OLD,520,520.0,0,0.0
37,WEAgent2,OLD_LOW_INCOME,2517,2517.0,2510,2510.0
37,WEAgent0,MALE_OLD_HIGH_INCOME,323,323.0,0,0.0
37,WEAgent5,FEMALE_YOUNG,447,447.0,446,446.44599999999633
37,WEAgent6,MALE_OLD_HIGH_INCOME,323,323.0,0,0.0
37,WEAgent3,OLD_HIGH_INCOME,729,729.0,0,0.0
37,WEAgent4,FEMALE_YOUNG_LOW_INCOME,1188,1188.0,0,0.0
37,SIAgent5,YOUNG,917,917.0,917,917.0
37,SIAgent3,MALE_OLD,1041,1041.0,331,331.0
37,SIAgent4,LOW_INCOME,1602,1602.0,1590,1590.0
37,SIAgent1,MALE_OLD_HIGH_INCOME,161,161.0,161,161.0
37,SIAgent2,FEMALE,2017,2017.0,1474,1076.0
37,SIAgent0,MALE,1982,1982.0,1231,1186.0
37,WEAgent7,FEMALE_YOUNG,1341,1341.0,1340,1340.4399999999964
38,WEAgent1,MALE,991,991.0,0,0.0
38,WEAgent2,OLD,1082,1082.0,1082,1082.0
38,WEAgent0,MALE_OLD_HIGH_INCOME,323,323.0,0,0.0
38,WEAgent5,MALE_OLD_LOW_INCOME,359,359.0,0,0.0
38,WEAgent6,MALE_YOUNG,1411,1411.0,0,0.0
38,WEAgent3,YOUNG_LOW_INCOME,2289,2289.0,2265,2265.0
38,WEAgent4,FEMALE_OLD_HIGH_INCOME,81,81.0,0,0.0
38,SIAgent5,MALE_YOUNG,1411,1411.0,284,284.0
38,SIAgent3,MALE_LOW_INCOME,726,726.0,290,290.0
38,SIAgent4,FEMALE_OLD,1123,1123.0,2820,0.0
38,SIAgent1,MALE_OLD,520,520.0,520,520.0
38,SIAgent2,MALE,1982,1982.0,988,871.0
38,SIAgent0,FEMALE_YOUNG_LOW_INCOME,1188,1188.0,1504,0.0
38,WEAgent7,MALE_YOUNG,941,941.0,0,0.0
39,WEAgent1,FEMALE_OLD,561,561.0,560,560.5599999999937
39,WEAgent2,MALE_YOUNG_LOW_INCOME,734,734.0,0,0.0
39,WEAgent0,YOUNG_LOW_INCOME,763,763.0,2278,310.30999999999955
39,WEAgent5,FEMALE_OLD,1123,1123.0,1108,716.6479999999916
39,WEAgent6,YOUNG_LOW_INCOME,1526,1526.0,1557,348.34799999999865
39,WEAgent3,MALE_OLD_LOW_INCOME,718,718.0,718,718.0
39,WEAgent4,FEMALE_OLD_HIGH_INCOME,244,244.0,0,0.0
39,SIAgent5,FEMALE_OLD_LOW_INCOME,960,960.0,362,362.0
39,SIAgent3,FEMALE_OLD_LOW_INCOME,480,480.0,400,400.0
39,SIAgent4,YOUNG_HIGH_INCOME,154,154.0,278,154.0
39,SIAgent1,MALE_HIGH_INCOME,795,795.0,754,525.0
39,SIAgent2,FEMALE_OLD_LOW_INCOME,480,480.0,339,339.0
39,SIAgent0,MALE_OLD,1041,1041.0,1525,416.0
39,WEAgent7,FEMALE_OLD_LOW_INCOME,480,480.0,0,0.0
40,WEAgent1,MALE_YOUNG,941,941.0,0,0.0
40,WEAgent2,YOUNG,1835,1835.0,0,0.0
40,WEAgent0,MALE_OLD,1561,1561.0,0,0.0
40,WEAgent5,MALE_YOUNG_LOW_INCOME,367,367.0,0,0.0
40,WEAgent6,MALE,991,991.0,0,0.0
40,WEAgent3,FEMALE_LOW_INCOME,2628,2628.0,1794,1795.7939999999646
40,WEAgent4,MALE_YOUNG_LOW_INCOME,1101,1101.0,0,0.0
40,SIAgent5,MALE_YOUNG_LOW_INCOME,367,367.0,367,367.0
40,SIAgent3,FEMALE_OLD_LOW_INCOME,1440,1440.0,784,0.0
40,SIAgent4,YOUNG,2753,2753.0,1018,1018.0
40,SIAgent1,MALE,1982,1982.0,3110,1250.0
40,SIAgent2,MALE_HIGH_INCOME,795,795.0,508,508.0
40,SIAgent0,YOUNG_HIGH_INCOME,309,309.0,254,254.0
40,WEAgent7,FEMALE_LOW_INCOME,2628,2628.0,1760,1761.7569999999655
41,WEAgent1,OLD_LOW_INCOME,2517,2517.0,2507,2507.7219999999857
41,WEAgent2,FEMALE_YOUNG_LOW_INCOME,1188,1188.0,0,0.0
41,WEAgent0,FEMALE_YOUNG,447,447.0,0,0.0
41,WEAgent5,FEMALE_YOUNG_HIGH_INCOME,51,51.0,260,0.0
41,WEAgent6,MALE_YOUNG_LOW_INCOME,734,734.0,0,0.0
41,WEAgent3,OLD_LOW_INCOME,1678,1678.0,1662,1662.6879999999906
41,WEAgent4,MALE_YOUNG,470,470.0,534,0.0
41,SIAgent5,MALE_OLD,1561,1561.0,387,387.0
41,SIAgent3,YOUNG_LOW_INCOME,2289,2289.0,2297,1419.0
41,SIAgent4,MALE_OLD,1041,1041.0,418,418.0
41,SIAgent1,MALE_OLD_LOW_INCOME,1077,1077.0,0,0.0
41,SIAgent2,YOUNG_LOW_INCOME,1526,1526.0,1526,1526.0
41,SIAgent0,FEMALE_OLD,561,561.0,409,0.0
41,WEAgent7,MALE_YOUNG_HIGH_INCOME,103,103.0,0,0.0
42,WEAgent1,FEMALE_OLD,1123,1123.0,1122,1122.715999999988
42,WEAgent2,FEMALE_YOUNG,447,447.0,446,446.44599999999633
42,WEAgent0,YOUNG,2753,2753.0,2712,2712.460999999991
42,WEAgent5,FEMALE_OLD_LOW_INCOME,960,960.0,1644,695.6949999999905
42,WEAgent6,MALE,2973,2973.0,3141,1309.0
42,WEAgent3,FEMALE_HIGH_INCOME,132,132.0,0,0.0
42,WEAgent4,YOUNG_LOW_INCOME,2289,2289.0,0,0.0
42,SIAgent5,YOUNG_LOW_INCOME,763,763.0,306,306.0
42,SIAgent3,OLD_HIGH_INCOME,729,729.0,9,9.0
42,SIAgent4,FEMALE_YOUNG,447,447.0,309,309.0
42,SIAgent1,FEMALE_YOUNG,1341,1341.0,292,292.0
42,SIAgent2,HIGH_INCOME,397,397.0,9,9.0
42,SIAgent0,HIGH_INCOME,1192,1192.0,10,10.0
42,WEAgent7,MALE_YOUNG_HIGH_INCOME,310,310.0,0,0.0
43,WEAgent1,FEMALE,3026,3026.0,1678,1679.6659999999677
43,WEAgent2,MALE_OLD,520,520.0,0,0.0
43,WEAgent0,YOUNG,917,917.0,913,913.3629999999956
43,WEAgent5,MALE_OLD_LOW_INCOME,718,718.0,0,0.0
43,WEAgent6,MALE_YOUNG_LOW_INCOME,367,367.0,366,366.3659999999982
43,WEAgent3,MALE_OLD_LOW_INCOME,359,359.0,0,0.0
43,WEAgent4,FEMALE,3026,3026.0,1689,1690.688999999967
43,SIAgent5,MALE_OLD,520,520.0,520,520.0
43,SIAgent3,YOUNG_HIGH_INCOME,154,154.0,0,0.0
43,SIAgent4,MALE_OLD_LOW_INCOME,359,359.0,359,359.0
43,SIAgent1,MALE_YOUNG_LOW_INCOME,734,734.0,556,556.0
43,SIAgent2,FEMALE_YOUNG,1341,1341.0,0,0.0
43,SIAgent0,LOW_INCOME,1602,1602.0,3142,1082.0
43,WEAgent7,HIGH_INCOME,795,795.0,777,587.0
44,WEAgent1,MALE_OLD_HIGH_INCOME,161,161.0,0,0.0
44,WEAgent2,OLD,1082,1082.0,1082,1082.0
44,WEAgent0,MALE_YOUNG,470,470.0,470,470.0
44,WEAgent5,MALE_OLD_LOW_INCOME,718,718.0,0,0.0
44,WEAgent6,OLD_HIGH_INCOME,486,486.0,0,0.0
44,WEAgent3,MALE_LOW_INCOME,2178,2178.0,0,0.0
44,WEAgent4,FEMALE_OLD_HIGH_INCOME,81,81.0,0,0.0
44,SIAgent5,OLD_LOW_INCOME,2517,2517.0,1380,1380.0
44,SIAgent3,OLD,3246,3246.0,1995,1995.0
44,SIAgent4,FEMALE_YOUNG,1341,1341.0,2144,129.0
44,SIAgent1,HIGH_INCOME,1192,1192.0,694,694.0
44,SIAgent2,MALE_YOUNG_HIGH_INCOME,310,310.0,14,14.0
44,SIAgent0,FEMALE_OLD_LOW_INCOME,480,480.0,442,442.0
44,WEAgent7,MALE_HIGH_INCOME,265,265.0,0,0.0
45,WEAgent1,FEMALE_LOW_INCOME,2628,2628.0,2597,2597.0
45,WEAgent2,FEMALE,1008,1008.0,0,0.0
45,WEAgent0,FEMALE_OLD,1684,1684.0,0,0.0
45,WEAgent5,MALE,991,991.0,2064,755.2379999999988
45,WEAgent6,FEMALE_YOUNG_LOW_INCOME,1188,1188.0,0,0.0
45,WEAgent3,FEMALE_OLD_HIGH_INCOME,81,81.0,0,0.0
45,WEAgent4,MALE_OLD,1041,1041.0,1040,1040.231999999998
45,SIAgent5,YOUNG_HIGH_INCOME,154,154.0,85,85.0
45,SIAgent3,FEMALE_YOUNG,1341,1341.0,82,82.0
45,SIAgent4,FEMALE,2017,2017.0,2007,252.0
45,SIAgent1,MALE_HIGH_INCOME,265,265.0,21,21.0
45,SIAgent2,OLD_HIGH_INCOME,243,243.0,204,204.0
45,SIAgent0,YOUNG_HIGH_INCOME,309,309.0,63,63.0
45,WEAgent7,FEMALE_OLD,1684,1684.0,0,0.0
46,WEAgent1,MALE_OLD_HIGH_INCOME,323,323.0,0,0.0
46,WEAgent2,MALE_OLD,1561,1561.0,0,0.0
46,WEAgent0,FEMALE_OLD,1123,1123.0,1105,911.9109999999854
46,WEAgent5,MALE_OLD_HIGH_INCOME,484,484.0,0,0.0
46,WEAgent6,FEMALE_OLD_LOW_INCOME,480,480.0,0,0.0
46,WEAgent3,FEMALE_YOUNG,447,447.0,0,0.0
46,WEAgent4,FEMALE_LOW_INCOME,876,876.0,875,875.8749999999862
46,SIAgent5,MALE_OLD_LOW_INCOME,718,718.0,718,718.0
46,SIAgent3,MALE,1982,1982.0,2363,1982.0
46,SIAgent4,YOUNG_LOW_INCOME,1526,1526.0,763,746.0
46,SIAgent1,HIGH_INCOME,1192,1192.0,556,527.0
46,SIAgent2,MALE_YOUNG_LOW_INCOME,367,367.0,367,367.0
46,SIAgent0,MALE_OLD_HIGH_INCOME,323,323.0,269,269.0
46,WEAgent7,FEMALE,3026,3026.0,2967,2967.3829999999925
47,WEAgent1,MALE_OLD,520,520.0,0,0.0
47,WEAgent2,HIGH_INCOME,795,795.0,771,277.2770000000003
47,WEAgent0,FEMALE_HIGH_INCOME,397,397.0,0,0.0
47,WEAgent5,FEMALE_HIGH_INCOME,397,397.0,0,0.0
47,WEAgent6,FEMALE_YOUNG_HIGH_INCOME,102,102.0,0,0.0
47,WEAgent3,MALE_HIGH_INCOME,530,530.0,529,529.3129999999994
47,WEAgent4,YOUNG_LOW_INCOME,2289,2289.0,2322,453.0
47,SIAgent5,FEMALE_OLD_LOW_INCOME,480,480.0,480,480.0
47,SIAgent3,FEMALE_YOUNG,447,447.0,447,447.0
47,SIAgent4,FEMALE_OLD_LOW_INCOME,1440,1440.0,918,504.0
47,SIAgent1,OLD_HIGH_INCOME,243,243.0,264,146.0
47,SIAgent2,FEMALE,1008,1008.0,1306,1008.0
47,SIAgent0,MALE_OLD_LOW_INCOME,1077,1077.0,1527,0.0
47,WEAgent7,OLD_LOW_INCOME,839,839.0,839,839.0
48,WEAgent1,YOUNG_HIGH_INCOME,309,309.0,308,308.0530000000001
48,WEAgent2,MALE_HIGH_INCOME,265,265.0,264,264.053
48,WEAgent0,MALE_LOW_INCOME,1452,1452.0,1857,0.0
48,WEAgent5,OLD_HIGH_INCOME,243,243.0,0,0.0
48,WEAgent6,OLD,2164,2164.0,2145,2145.7839999999846
48,WEAgent3,MALE,991,991.0,0,0.0
48,WEAgent4,MALE_HIGH_INCOME,795,795.0,0,0.0
48,SIAgent5,MALE_HIGH_INCOME,530,530.0,95,95.0
48,SIAgent3,FEMALE_HIGH_INCOME,132,132.0,15,15.0
48,SIAgent4,FEMALE_OLD,561,561.0,561,561.0
48,SIAgent1,FEMALE_OLD_LOW_INCOME,960,960.0,997,559.0
48,SIAgent2,MALE_OLD_LOW_INCOME,718,718.0,0,0.0
48,SIAgent0,HIGH_INCOME,1192,1192.0,103,103.0
48,WEAgent7,OLD_LOW_INCOME,1678,1678.0,1677,1677.8449999999818
49,WEAgent1,YOUNG_HIGH_INCOME,463,463.0,0,0.0
49,WEAgent2,OLD_HIGH_INCOME,729,729.0,0,0.0
49,WEAgent0,FEMALE_HIGH_INCOME,132,132.0,0,0.0
49,WEAgent5,FEMALE_OLD,1684,1684.0,1674,1674.7349999999878
49,WEAgent6,FEMALE,1008,1008.0,1017,752.7519999999892
49,WEAgent3,MALE_YOUNG,941,941.0,941,941.0
49,WEAgent4,FEMALE_HIGH_INCOME,397,397.0,0,0.0
49,SIAgent5,MALE,991,991.0,1136,991.0
49,SIAgent3,OLD_HIGH_INCOME,486,486.0,316,316.0
49,SIAgent4,MALE_YOUNG_HIGH_INCOME,103,103.0,103,103.0
49,SIAgent1,MALE_LOW_INCOME,1452,1452.0,2002,719.0
49,SIAgent2,FEMALE_OLD,1684,1684.0,326,0.0
49,SIAgent0,MALE_OLD_HIGH_INCOME,323,323.0,308,308.0
49,WEAgent7,FEMALE_HIGH_INCOME,132,132.0,0,0.0
50,WEAgent1,OLD_HIGH_INCOME,729,729.0,728,728.3219999999958
50,WEAgent2,LOW_INCOME,1602,1602.0,1407,1408.3489999999751
50,WEAgent0,YOUNG,1835,1835.0,1404,1140.6309999999885
50,WEAgent5,MALE_OLD_LOW_INCOME,1077,1077.0,0,0.0
50,WEAgent6,LOW_INCOME,1602,1602.0,1416,1417.3829999999743
50,WEAgent3,MALE_YOUNG_HIGH_INCOME,206,206.0,0,0.0
50,WEAgent4,OLD_HIGH_INCOME,486,486.0,485,485.2999999999998
50,SIAgent5,MALE_OLD,1561,1561.0,269,269.0
50,SIAgent3,MALE_OLD,1041,1041.0,281,281.0
50,SIAgent4,FEMALE_LOW_INCOME,1752,1752.0,4000,0.0
50,SIAgent1,OLD_HIGH_INCOME,729,729.0,7,3.0
50,SIAgent2,MALE_YOUNG_HIGH_INCOME,103,103.0,0,0.0
50,SIAgent0,MALE_OLD_HIGH_INCOME,484,484.0,3,3.0
50,WEAgent7,MALE_OLD,1561,1561.0,0,0.0
51,WEAgent1,MALE_OLD,520,520.0,0,0.0
51,WEAgent2,OLD_LOW_INCOME,2517,2517.0,0,0.0
51,WEAgent0,MALE_HIGH_INCOME,265,265.0,0,0.0
51,WEAgent5,MALE_OLD,520,520.0,0,0.0
51,WEAgent6,YOUNG_HIGH_INCOME,309,309.0,0,0.0
51,WEAgent3,MALE,2973,2973.0,0,0.0
51,WEAgent4,MALE_OLD,520,520.0,0,0.0
51,SIAgent5,HIGH_INCOME,795,795.0,642,642.0
51,SIAgent3,FEMALE_YOUNG,894,894.0,845,845.0
51,SIAgent4,MALE_OLD_LOW_INCOME,359,359.0,359,359.0
51,SIAgent1,YOUNG_LOW_INCOME,1526,1526.0,1531,774.0
51,SIAgent2,OLD,3246,3246.0,4420,995.0
51,SIAgent0,FEMALE_YOUNG_LOW_INCOME,396,396.0,396,396.0
51,WEAgent7,YOUNG,1835,1835.0,1807,1807.0
52,WEAgent1,MALE_YOUNG_HIGH_INCOME,103,103.0,0,0.0
52,WEAgent2,FEMALE_OLD_HIGH_INCOME,81,81.0,0,0.0
52,WEAgent0,YOUNG_LOW_INCOME,1526,1526.0,0,0.0
52,WEAgent5,FEMALE,2017,2017.0,2021,1611.0
52,WEAgent6,FEMALE_YOUNG,447,447.0,0,0.0
52,WEAgent3,MALE_OLD,520,520.0,792,0.0
52,WEAgent4,MALE_LOW_INCOME,1452,1452.0,0,0.0
52,SIAgent5,MALE_LOW_INCOME,2178,2178.0,1054,1054.0
52,SIAgent3,MALE_YOUNG_LOW_INCOME,734,734.0,452,452.0
52,SIAgent4,FEMALE_OLD_LOW_INCOME,480,480.0,403,403.0
52,SIAgent1,OLD_LOW_INCOME,1678,1678.0,1013,1013.0
52,SIAgent2,YOUNG,2753,2753.0,2024,1250.0
52,SIAgent0,LOW_INCOME,3204,3204.0,2241,2241.0
52,WEAgent7,MALE_YOUNG,941,941.0,0,0.0
53,WEAgent1,LOW_INCOME,1602,1602.0,1601,1601.071
53,WEAgent2,FEMALE_LOW_INCOME,1752,1752.0,876,876.8759999999862
53,WEAgent0,FEMALE_LOW_INCOME,1752,1752.0,915,915.9149999999853
53,WEAgent5,FEMALE_YOUNG_HIGH_INCOME,51,51.0,50,50.04999999999997
53,WEAgent6,FEMALE_YOUNG,894,894.0,0,0.0
53,WEAgent3,MALE_LOW_INCOME,2178,2178.0,0,0.0
53,WEAgent4,OLD_LOW_INCOME,2517,2517.0,2516,2516.7220000000093
53,SIAgent5,MALE_YOUNG_HIGH_INCOME,103,103.0,103,103.0
53,SIAgent3,LOW_INCOME,1602,1602.0,1787,107.0
53,SIAgent4,MALE_YOUNG,941,941.0,578,214.0
53,SIAgent1,MALE_OLD_HIGH_INCOME,161,161.0,825,0.0
53,SIAgent2,MALE_YOUNG_LOW_INCOME,367,367.0,134,134.0
53,SIAgent0,FEMALE_OLD_LOW_INCOME,480,480.0,0,0.0
53,WEAgent7,FEMALE_YOUNG_HIGH_INCOME,51,51.0,232,47.046999999999976
54,WEAgent1,MALE_LOW_INCOME,2178,2178.0,2097,2097.3829999999934
54,WEAgent2,MALE,1982,1982.0,2857,1194.4019999999944
54,WEAgent0,FEMALE_OLD_LOW_INCOME,960,960.0,0,0.0
54,WEAgent5,MALE_OLD,1041,1041.0,0,0.0
54,WEAgent6,MALE_OLD,1561,1561.0,0,0.0
54,WEAgent3,HIGH_INCOME,397,397.0,0,0.0
54,WEAgent4,MALE_HIGH_INCOME,265,265.0,0,0.0
54,SIAgent5,FEMALE,2017,2017.0,1213,1213.0
54,SIAgent3,FEMALE_LOW_INCOME,2628,2628.0,1017,1017.0
54,SIAgent4,MALE_OLD,1041,1041.0,0,0.0
54,SIAgent1,FEMALE,3026,3026.0,1247,1247.0
54,SIAgent2,FEMALE,1008,1008.0,1008,1008.0
54,SIAgent0,FEMALE_OLD,561,561.0,561,561.0
54,WEAgent7,FEMALE_YOUNG_HIGH_INCOME,51,51.0,0,0.0
55,WEAgent1,MALE_OLD_LOW_INCOME,359,359.0,358,358.3579999999984
55,WEAgent2,MALE_LOW_INCOME,1452,1452.0,1779,648.3379999999946
55,WEAgent0,MALE_YOUNG_LOW_INCOME,734,734.0,0,0.0
55,WEAgent5,FEMALE_OLD_HIGH_INCOME,162,162.0,0,0.0
55,WEAgent6,FEMALE_YOUNG_LOW_INCOME,1188,1188.0,1188,1188.0
55,WEAgent3,OLD_HIGH_INCOME,729,729.0,683,683.2969999999965
55,WEAgent4,MALE_HIGH_INCOME,795,795.0,794,794.276999999996
55,SIAgent5,YOUNG_LOW_INCOME,1526,1526.0,1867,277.0
55,SIAgent3,YOUNG_HIGH_INCOME,154,154.0,279,0.0
55,SIAgent4,FEMALE_LOW_INCOME,876,876.0,1169,272.0
55,SIAgent1,FEMALE_YOUNG_LOW_INCOME,1188,1188.0,275,275.0
55,SIAgent2,FEMALE_OLD_HIGH_INCOME,162,162.0,0,0.0
55,SIAgent0,MALE_OLD_HIGH_INCOME,484,484.0,168,0.0
55,WEAgent7,FEMALE_OLD_LOW_INCOME,1440,1440.0,1440,1440.0
56,WEAgent1,FEMALE_OLD_HIGH_INCOME,244,244.0,0,0.0
56,WEAgent2,FEMALE_OLD_HIGH_INCOME,244,244.0,0,0.0
56,WEAgent0,LOW_INCOME,3204,3204.0,3204,3204.0
56,WEAgent5,MALE_OLD,520,520.0,0,0.0
56,WEAgent6,FEMALE_YOUNG,1341,1341.0,2188,268.03999999999996
56,WEAgent3,FEMALE_OLD,1684,1684.0,1681,1681.828999999985
56,WEAgent4,OLD,1082,1082.0,1066,1066.272999999997
56,SIAgent5,MALE,1982,1982.0,560,148.0
56,SIAgent3,FEMALE_OLD_LOW_INCOME,960,960.0,2,2.0
56,SIAgent4,YOUNG_HIGH_INCOME,154,154.0,118,118.0
56,SIAgent1,OLD,1082,1082.0,47,47.0
56,SIAgent2,MALE_HIGH_INCOME,795,795.0,135,135.0
56,SIAgent0,MALE_YOUNG_HIGH_INCOME,206,206.0,124,124.0
56,WEAgent7,FEMALE_LOW_INCOME,876,876.0,875,875.8749999999862
57,WEAgent1,MALE_OLD_HIGH_INCOME,161,161.0,160,160.1600000000004
57,WEAgent2,OLD_LOW_INCOME,2517,2517.0,0,0.0
57,WEAgent0,LOW_INCOME,3204,3204.0,3120,3120.0
57,WEAgent5,FEMALE_OLD,1123,1123.0,1113,1113.0
57,WEAgent6,YOUNG,917,917.0,0,0.0
57,WEAgent3,YOUNG_HIGH_INCOME,309,309.0,309,309.0
57,WEAgent4,MALE_OLD_LOW_INCOME,359,359.0,0,0.0
57,SIAgent5,FEMALE_HIGH_INCOME,132,132.0,92,92.0
57,SIAgent3,LOW_INCOME,1602,1602.0,1274,1206.0
57,SIAgent4,YOUNG_LOW_INCOME,763,763.0,669,669.0
57,SIAgent1,FEMALE,1008,1008.0,1008,1008.0
57,SIAgent2,FEMALE_OLD,561,561.0,561,561.0
57,SIAgent0,YOUNG,917,917.0,1037,841.0
57,WEAgent7,MALE_OLD_HIGH_INCOME,323,323.0,657,170.17000000000044
58,WEAgent1,MALE_YOUNG_HIGH_INCOME,206,206.0,206,206.0
58,WEAgent2,MALE_OLD_LOW_INCOME,359,359.0,0,0.0
58,WEAgent0,MALE_OLD_LOW_INCOME,718,718.0,0,0.0
58,WEAgent5,OLD_LOW_INCOME,839,839.0,839,839.0
58,WEAgent6,MALE_OLD_HIGH_INCOME,323,323.0,0,0.0
58,WEAgent3,FEMALE_YOUNG_LOW_INCOME,1188,1188.0,1732,207.20700000000062
58,WEAgent4,FEMALE_YOUNG,447,447.0,459,190.19000000000054
58,SIAgent5,OLD,1082,1082.0,1082,1082.0
58,SIAgent3,FEMALE_OLD_HIGH_INCOME,244,244.0,153,153.0
58,SIAgent4,MALE_OLD_LOW_INCOME,359,359.0,359,359.0
58,SIAgent1,MALE_YOUNG_HIGH_INCOME,103,103.0,103,103.0
58,SIAgent2,OLD,3246,3246.0,2178,1484.0
58,SIAgent0,MALE,2973,2973.0,2889,956.0
58,WEAgent7,MALE_OLD_LOW_INCOME,718,718.0,0,0.0
59,WEAgent1,MALE_YOUNG,470,470.0,0,0.0
59,WEAgent2,FEMALE_HIGH_INCOME,265,265.0,0,0.0
59,WEAgent0,YOUNG_LOW_INCOME,1526,1526.0,0,0.0
59,WEAgent5,MALE_YOUNG_LOW_INCOME,1101,1101.0,0,0.0
59,WEAgent6,FEMALE_YOUNG_HIGH_INCOME,102,102.0,0,0.0
59,WEAgent3,LOW_INCOME,4807,4807.0,4802,4802.0
59,WEAgent4,MALE_OLD,1041,1041.0,0,0.0
59,SIAgent5,MALE_LOW_INCOME,726,726.0,3,3.0
59,SIAgent3,YOUNG,917,917.0,869,667.0
59,SIAgent4,YOUNG_LOW_INCOME,763,763.0,424,424.0
59,SIAgent1,MALE_OLD_HIGH_INCOME,161,161.0,161,161.0
59,SIAgent2,HIGH_INCOME,397,397.0,949,397.0
59,SIAgent0,FEMALE_YOUNG_HIGH_INCOME,51,51.0,51,51.0
59,WEAgent7,MALE_YOUNG,470,470.0,0,0.0
60,WEAgent1,LOW_INCOME,1602,1602.0,1582,197.19700000000057
60,WEAgent2,OLD_HIGH_INCOME,243,243.0,274,176.17600000000047
60,WEAgent0,MALE_YOUNG_HIGH_INCOME,206,206.0,0,0.0
60,WEAgent5,OLD_HIGH_INCOME,729,729.0,0,0.0
60,WEAgent6,FEMALE_HIGH_INCOME,397,397.0,373,373.13999999999976
60,WEAgent3,MALE_YOUNG_HIGH_INCOME,206,206.0,0,0.0
60,WEAgent4,MALE_YOUNG,470,470.0,0,0.0
60,SIAgent5,MALE_YOUNG,941,941.0,941,941.0
60,SIAgent3,FEMALE_YOUNG_LOW_INCOME,1188,1188.0,1989,0.0
60,SIAgent4,FEMALE_OLD_LOW_INCOME,1440,1440.0,2416,0.0
60,SIAgent1,FEMALE_YOUNG_HIGH_INCOME,102,102.0,0,0.0
60,SIAgent2,YOUNG_HIGH_INCOME,309,309.0,179,179.0
60,SIAgent0,MALE_YOUNG,1411,1411.0,1255,1013.0
60,WEAgent7,MALE,991,991.0,991,203.2030000000006
61,WEAgent1,LOW_INCOME,4807,4807.0,4872,2973.0
61,WEAgent2,OLD_HIGH_INCOME,486,486.0,0,0.0
61,WEAgent0,MALE_HIGH_INCOME,795,795.0,0,0.0
61,WEAgent5,MALE_YOUNG_HIGH_INCOME,310,310.0,0,0.0
61,WEAgent6,MALE_OLD_HIGH_INCOME,484,484.0,0,0.0
61,WEAgent3,HIGH_INCOME,397,397.0,397,397.0
61,WEAgent4,OLD,1082,1082.0,1082,1082.0
61,SIAgent5,FEMALE_OLD_LOW_INCOME,480,480.0,480,480.0
61,SIAgent3,FEMALE,3026,3026.0,1625,789.0
61,SIAgent4,MALE_YOUNG_HIGH_INCOME,103,103.0,92,0.0
61,SIAgent1,FEMALE_HIGH_INCOME,397,397.0,259,259.0
61,SIAgent2,FEMALE_OLD_LOW_INCOME,960,960.0,523,523.0
61,SIAgent0,OLD,1082,1082.0,670,649.0
61,WEAgent7,FEMALE_OLD_HIGH_INCOME,244,244.0,0,0.0
62,WEAgent1,MALE,1982,1982.0,0,0.0
62,WEAgent2,MALE_OLD_LOW_INCOME,718,718.0,1802,0.0
62,WEAgent0,YOUNG_HIGH_INCOME,154,154.0,0,0.0
62,WEAgent5,FEMALE_OLD_LOW_INCOME,1440,1440.0,0,0.0
62,WEAgent6,MALE_HIGH_INCOME,795,795.0,0,0.0
62,WEAgent3,FEMALE_LOW_INCOME,2628,2628.0,2627,2627.791999999993
62,WEAgent4,YOUNG,917,917.0,0,0.0
62,SIAgent5,MALE_YOUNG_HIGH_INCOME,310,310.0,132,132.0
62,SIAgent3,MALE_HIGH_INCOME,795,795.0,124,124.0
62,SIAgent4,YOUNG,2753,2753.0,1254,1254.0
62,SIAgent1,YOUNG_LOW_INCOME,2289,2289.0,1068,1068.0
62,SIAgent2,HIGH_INCOME,795,795.0,249,249.0
62,SIAgent0,MALE_OLD_HIGH_INCOME,161,161.0,0,0.0
62,WEAgent7,OLD,2164,2164.0,2744,2039.8379999999836
63,WEAgent1,OLD_LOW_INCOME,839,839.0,838,838.1070000000002
63,WEAgent2,FEMALE_YOUNG_LOW_INCOME,396,396.0,2037,0.0
63,WEAgent0,OLD_HIGH_INCOME,243,243.0,242,242.2320000000008
63,WEAgent5,YOUNG,1835,1835.0,2004,866.6279999999908
63,WEAgent6,MALE_LOW_INCOME,726,726.0,725,725.7249999999898
63,WEAgent3,FEMALE_OLD_LOW_INCOME,480,480.0,480,480.0
63,WEAgent4,MALE_OLD_HIGH_INCOME,323,323.0,322,322.21700000000067
63,SIAgent5,FEMALE_HIGH_INCOME,397,397.0,188,171.0
63,SIAgent3,MALE_OLD_HIGH_INCOME,161,161.0,147,121.0
63,SIAgent4,FEMALE_OLD_HIGH_INCOME,81,81.0,81,81.0
63,SIAgent1,OLD_HIGH_INCOME,243,243.0,243,243.0
63,SIAgent2,FEMALE_YOUNG_HIGH_INCOME,102,102.0,0,0.0
63,SIAgent0,OLD_LOW_INCOME,839,839.0,2693,0.0
63,WEAgent7,MALE_YOUNG_LOW_INCOME,1101,1101.0,0,0.0
64,WEAgent1,OLD,2164,2164.0,2164,2164.0
64,WEAgent2,MALE_YOUNG,941,941.0,0,0.0
64,WEAgent0,YOUNG_LOW_INCOME,1526,1526.0,1813,0.0
64,WEAgent5,OLD_HIGH_INCOME,243,243.0,0,0.0
64,WEAgent6,FEMALE_YOUNG_LOW_INCOME,792,792.0,0,0.0
64,WEAgent3,FEMALE,1008,1008.0,1000,1000.7519999999878
64,WEAgent4,MALE_OLD,1041,1041.0,0,0.0
64,SIAgent5,OLD_LOW_INCOME,839,839.0,839,839.0
64,SIAgent3,MALE_OLD,1561,1561.0,698,186.0
64,SIAgent4,FEMALE_OLD_LOW_INCOME,960,960.0,1282,651.0
64,SIAgent1,FEMALE_HIGH_INCOME,397,397.0,2,2.0
64,SIAgent2,FEMALE_OLD_HIGH_INCOME,244,244.0,2,2.0
64,SIAgent0,FEMALE_OLD_LOW_INCOME,480,480.0,480,480.0
64,WEAgent7,FEMALE_LOW_INCOME,876,876.0,1199,719.7189999999899
65,WEAgent1,OLD,1082,1082.0,1081,1081.2729999999979
65,WEAgent2,YOUNG_HIGH_INCOME,154,154.0,154,154.0
65,WEAgent0,FEMALE_YOUNG_HIGH_INCOME,153,153.0,0,0.0
65,WEAgent5,LOW_INCOME,4807,4807.0,4775,4775.0
65,WEAgent6,FEMALE_OLD,1684,1684.0,1713,1278.2720000000004
65,WEAgent3,MALE_OLD,1561,1561.0,0,0.0
65,WEAgent4,OLD_HIGH_INCOME,729,729.0,0,0.0
65,SIAgent5,MALE_LOW_INCOME,1452,1452.0,0,0.0
65,SIAgent3,OLD_LOW_INCOME,2517,2517.0,794,0.0
65,SIAgent4,FEMALE_YOUNG_HIGH_INCOME,153,153.0,47,43.0
65,SIAgent1,FEMALE_YOUNG,447,447.0,447,447.0
65,SIAgent2,FEMALE_YOUNG_LOW_INCOME,792,792.0,433,411.0
65,SIAgent0,MALE_OLD,1561,1561.0,0,0.0
65,WEAgent7,OLD_LOW_INCOME,2517,2517.0,0,0.0
66,WEAgent1,HIGH_INCOME,1192,1192.0,0,0.0
66,WEAgent2,MALE_HIGH_INCOME,265,265.0,0,0.0
66,WEAgent0,FEMALE_OLD_LOW_INCOME,960,960.0,0,0.0
66,WEAgent5,HIGH_INCOME,1192,1192.0,0,0.0
66,WEAgent6,MALE_OLD_LOW_INCOME,718,718.0,0,0.0
66,WEAgent3,FEMALE_OLD_HIGH_INCOME,81,81.0,0,0.0
66,WEAgent4,MALE_YOUNG_HIGH_INCOME,103,103.0,0,0.0
66,SIAgent5,OLD,2164,2164.0,2479,1547.0
66,SIAgent3,FEMALE_OLD_LOW_INCOME,480,480.0,480,480.0
66,SIAgent4,MALE_YOUNG_LOW_INCOME,734,734.0,627,627.0
66,SIAgent1,OLD,1082,1082.0,1082,1082.0
66,SIAgent2,YOUNG,1835,1835.0,1451,640.0
66,SIAgent0,MALE_LOW_INCOME,2178,2178.0,1290,1290.0
66,WEAgent7,FEMALE_LOW_INCOME,2628,2628.0,2591,2591.0
67,WEAgent1,MALE_LOW_INCOME,1452,1452.0,0,0.0
67,WEAgent2,MALE_YOUNG_HIGH_INCOME,103,103.0,0,0.0
67,WEAgent0,FEMALE_YOUNG_LOW_INCOME,396,396.0,395,395.39499999999754
67,WEAgent5,MALE_OLD,520,520.0,0,0.0
67,WEAgent6,FEMALE_YOUNG,447,447.0,446,446.43299999999664
67,WEAgent3,YOUNG_HIGH_INCOME,309,309.0,0,0.0
67,WEAgent4,HIGH_INCOME,1192,1192.0,0,0.0
67,SIAgent5,MALE_YOUNG_HIGH_INCOME,103,103.0,103,103.0
67,SIAgent3,FEMALE_YOUNG,447,447.0,447,447.0
67,SIAgent4,FEMALE_YOUNG_HIGH_INCOME,51,51.0,51,51.0
67,SIAgent1,MALE,2973,2973.0,3104,1351.0
67,SIAgent2,YOUNG,2753,2753.0,1437,1436.0
67,SIAgent0,MALE_LOW_INCOME,726,726.0,726,726.0
67,WEAgent7,FEMALE_YOUNG,447,447.0,446,446.44599999999633
68,WEAgent1,FEMALE_OLD_HIGH_INCOME,244,244.0,0,0.0
68,WEAgent2,MALE_OLD_HIGH_INCOME,161,161.0,0,0.0
68,WEAgent0,FEMALE_HIGH_INCOME,265,265.0,0,0.0
68,WEAgent5,MALE_YOUNG_LOW_INCOME,1101,1101.0,1070,750.7499999999892
68,WEAgent6,FEMALE_OLD_HIGH_INCOME,81,81.0,0,0.0
68,WEAgent3,YOUNG_LOW_INCOME,763,763.0,2672,735.7349999999896
68,WEAgent4,FEMALE_OLD,1684,1684.0,1684,1684.0
68,SIAgent5,OLD,3246,3246.0,1622,1351.0
68,SIAgent3,MALE_HIGH_INCOME,265,265.0,741,265.0
68,SIAgent4,MALE_OLD_LOW_INCOME,1077,1077.0,583,583.0
68,SIAgent1,OLD_HIGH_INCOME,243,243.0,243,243.0
68,SIAgent2,OLD_LOW_INCOME,1678,1678.0,981,981.0
68,SIAgent0,FEMALE_OLD_HIGH_INCOME,81,81.0,81,81.0
68,WEAgent7,FEMALE_HIGH_INCOME,397,397.0,0,0.0
69,WEAgent1,YOUNG_HIGH_INCOME,309,309.0,179,179.17100000000045
69,WEAgent2,FEMALE_OLD_LOW_INCOME,960,960.0,0,0.0
69,WEAgent0,FEMALE_YOUNG_HIGH_INCOME,153,153.0,0,0.0
69,WEAgent5,MALE_OLD_HIGH_INCOME,484,484.0,0,0.0
69,WEAgent6,FEMALE_YOUNG_LOW_INCOME,396,396.0,396,396.0
69,WEAgent3,YOUNG_HIGH_INCOME,309,309.0,179,179.17900000000049
69,WEAgent4,HIGH_INCOME,1192,1192.0,0,0.0
69,SIAgent5,LOW_INCOME,4807,4807.0,3631,3631.0
69,SIAgent3,HIGH_INCOME,795,795.0,629,629.0
69,SIAgent4,MALE_OLD_LOW_INCOME,359,359.0,359,359.0
69,SIAgent1,OLD,3246,3246.0,2444,2444.0
69,SIAgent2,YOUNG,1835,1835.0,1770,1770.0
69,SIAgent0,MALE_HIGH_INCOME,795,795.0,413,413.0
69,WEAgent7,MALE_OLD_LOW_INCOME,718,718.0,0,0.0
70,WEAgent1,YOUNG_HIGH_INCOME,463,463.0,0,0.0
70,WEAgent2,MALE_LOW_INCOME,1452,1452.0,1452,1452.0
70,WEAgent0,FEMALE_LOW_INCOME,2628,2628.0,2614,2614.6479999999874
70,WEAgent5,FEMALE_YOUNG,1341,1341.0,0,0.0
70,WEAgent6,FEMALE_HIGH_INCOME,132,132.0,0,0.0
70,WEAgent3,MALE_YOUNG,470,470.0,520,0.0
70,WEAgent4,FEMALE_OLD_LOW_INCOME,960,960.0,959,959.7489999999892
70,SIAgent5,FEMALE_YOUNG_HIGH_INCOME,51,51.0,51,51.0
70,SIAgent3,MALE_OLD_LOW_INCOME,1077,1077.0,303,0.0
70,SIAgent4,OLD_HIGH_INCOME,243,243.0,243,243.0
70,SIAgent1,MALE_OLD_HIGH_INCOME,161,161.0,709,143.0
70,SIAgent2,FEMALE_LOW_INCOME,2628,2628.0,403,403.0
70,SIAgent0,FEMALE,1008,1008.0,930,493.0
70,WEAgent7,FEMALE_HIGH_INCOME,397,397.0,0,0.0
71,WEAgent1,MALE_OLD,1041,1041.0,0,0.0
71,WEAgent2,LOW_INCOME,4807,4807.0,4787,4787.0
71,WEAgent0,LOW_INCOME,1602,1602.0,0,0.0
71,WEAgent5,OLD,2164,2164.0,0,0.0
71,WEAgent6,MALE_YOUNG,941,941.0,0,0.0
71,WEAgent3,MALE_HIGH_INCOME,530,530.0,251,251.25000000000082
71,WEAgent4,MALE_HIGH_INCOME,530,530.0,262,262.2620000000007
71,SIAgent5,FEMALE_OLD,1123,1123.0,1024,1024.0
71,SIAgent3,MALE_OLD_HIGH_INCOME,484,484.0,780,0.0
71,SIAgent4,FEMALE_YOUNG_HIGH_INCOME,102,102.0,102,102.0
71,SIAgent1,FEMALE,3026,3026.0,2004,1090.0
71,SIAgent2,MALE_YOUNG,1411,1411.0,0,0.0
71,SIAgent0,OLD_LOW_INCOME,839,839.0,790,790.0
71,WEAgent7,MALE_YOUNG_LOW_INCOME,1101,1101.0,0,0.0
72,WEAgent1,MALE,2973,2973.0,2975,2450.1340000000005
72,WEAgent2,MALE,1982,1982.0,1928,1928.145999999999
72,WEAgent0,MALE_YOUNG,1411,1411.0,0,0.0
72,WEAgent5,MALE_OLD,520,520.0,0,0.0
72,WEAgent6,MALE_OLD_HIGH_INCOME,484,484.0,0,0.0
72,WEAgent3,MALE_YOUNG_LOW_INCOME,1101,1101.0,0,0.0
72,WEAgent4,YOUNG_HIGH_INCOME,309,309.0,0,0.0
72,SIAgent5,FEMALE_YOUNG,1341,1341.0,1256,47.0
72,SIAgent3,MALE_LOW_INCOME,1452,1452.0,26,26.0
72,SIAgent4,FEMALE_YOUNG_HIGH_INCOME,51,51.0,51,51.0
72,SIAgent1,MALE_OLD,1561,1561.0,21,21.0
72,SIAgent2,FEMALE_OLD_HIGH_INCOME,162,162.0,417,0.0
72,SIAgent0,MALE_OLD,520,520.0,21,21.0
72,WEAgent7,FEMALE_LOW_INCOME,876,876.0,876,876.0
73,WEAgent1,MALE_OLD_LOW_INCOME,359,359.0,0,0.0
73,WEAgent2,YOUNG_HIGH_INCOME,309,309.0,0,0.0
73,WEAgent0,FEMALE_YOUNG,1341,1341.0,1703,1081.4849999999938
73,WEAgent5,MALE_LOW_INCOME,1452,1452.0,0,0.0
73,WEAgent6,YOUNG_LOW_INCOME,2289,2289.0,2336,453.45299999999617
73,WEAgent3,FEMALE_HIGH_INCOME,397,397.0,0,0.0
73,WEAgent4,FEMALE_YOUNG_HIGH_INCOME,153,153.0,0,0.0
73,SIAgent5,OLD_LOW_INCOME,1678,1678.0,2121,1678.0
73,SIAgent3,MALE_OLD_LOW_INCOME,1077,1077.0,1019,795.0
73,SIAgent4,MALE_OLD_HIGH_INCOME,161,161.0,161,161.0
73,SIAgent1,FEMALE,1008,1008.0,1008,1008.0
73,SIAgent2,MALE_HIGH_INCOME,795,795.0,820,295.0
73,SIAgent0,OLD_HIGH_INCOME,486,486.0,563,456.0
73,WEAgent7,MALE_YOUNG_LOW_INCOME,1101,1101.0,0,0.0
74,WEAgent1,MALE_OLD_LOW_INCOME,1077,1077.0,0,0.0
74,WEAgent2,MALE_YOUNG_HIGH_INCOME,310,310.0,0,0.0
74,WEAgent0,MALE_OLD,520,520.0,520,520.0
74,WEAgent5,MALE_YOUNG_LOW_INCOME,1101,1101.0,1101,1101.0
74,WEAgent6,FEMALE,2017,2017.0,2017,2017.0
74,WEAgent3,FEMALE_YOUNG,1341,1341.0,0,0.0
74,WEAgent4,FEMALE_HIGH_INCOME,265,265.0,0,0.0
74,SIAgent5,FEMALE_OLD_LOW_INCOME,1440,1440.0,787,787.0
74,SIAgent3,FEMALE_OLD,1684,1684.0,773,773.0
74,SIAgent4,HIGH_INCOME,795,795.0,812,9.0
74,SIAgent1,MALE_LOW_INCOME,2178,2178.0,2485,0.0
74,SIAgent2,FEMALE,1008,1008.0,1501,834.0
74,SIAgent0,FEMALE_OLD_HIGH_INCOME,162,162.0,4,4.0
74,WEAgent7,FEMALE_HIGH_INCOME,397,397.0,0,0.0
75,WEAgent1,HIGH_INCOME,795,795.0,0,0.0
75,WEAgent2,MALE_HIGH_INCOME,265,265.0,0,0.0
75,WEAgent0,FEMALE_OLD,1123,1123.0,1121,1122.1209999999805
75,WEAgent5,OLD_LOW_INCOME,839,839.0,839,839.0
75,WEAgent6,FEMALE_LOW_INCOME,1752,1752.0,1750,1751.731999999966
75,WEAgent3,FEMALE,2017,2017.0,1966,1966.6519999999884
75,WEAgent4,FEMALE_YOUNG_LOW_INCOME,1188,1188.0,0,0.0
75,SIAgent5,MALE_YOUNG_HIGH_INCOME,310,310.0,261,261.0
75,SIAgent3,YOUNG,917,917.0,2069,304.0
75,SIAgent4,OLD,1082,1082.0,1830,41.0
75,SIAgent1,FEMALE_OLD,561,561.0,50,50.0
75,SIAgent2,FEMALE_YOUNG,447,447.0,27,27.0
75,SIAgent0,FEMALE,1008,1008.0,87,87.0
75,WEAgent7,FEMALE_OLD_HIGH_INCOME,244,244.0,0,0.0
76,WEAgent1,FEMALE_HIGH_INCOME,397,397.0,0,0.0
76,WEAgent2,OLD_HIGH_INCOME,729,729.0,411,411.41099999999716
76,WEAgent0,OLD_HIGH_INCOME,729,729.0,380,380.3799999999979
76,WEAgent5,MALE_OLD_HIGH_INCOME,484,484.0,0,0.0
76,WEAgent6,MALE_OLD,1041,1041.0,0,0.0
76,WEAgent3,FEMALE_YOUNG,1341,1341.0,0,0.0
76,WEAgent4,MALE,991,991.0,0,0.0
76,SIAgent5,YOUNG,2753,2753.0,1626,1626.0
76,SIAgent3,FEMALE_OLD,1684,1684.0,1320,1320.0
76,SIAgent4,YOUNG,2753,2753.0,1624,1624.0
76,SIAgent1,MALE_OLD_HIGH_INCOME,484,484.0,0,0.0
76,SIAgent2,OLD_HIGH_INCOME,729,729.0,124,124.0
76,SIAgent0,FEMALE_OLD,1684,1684.0,1310,1310.0
76,WEAgent7,LOW_INCOME,3204,3204.0,3205,1410.0
77,WEAgent1,FEMALE,2017,2017.0,1561,1562.5609999999701
77,WEAgent2,YOUNG,1835,1835.0,1835,1835.0
77,WEAgent0,FEMALE_HIGH_INCOME,397,397.0,0,0.0
77,WEAgent5,FEMALE,2017,2017.0,1525,1526.524999999971
77,WEAgent6,FEMALE_OLD,1684,1684.0,0,0.0
77,WEAgent3,MALE_YOUNG_HIGH_INCOME,103,103.0,0,0.0
77,WEAgent4,MALE_YOUNG_LOW_INCOME,734,734.0,0,0.0
77,SIAgent5,MALE,991,991.0,1756,991.0
77,SIAgent3,FEMALE_LOW_INCOME,876,876.0,665,665.0
77,SIAgent4,YOUNG_HIGH_INCOME,154,154.0,14,14.0
77,SIAgent1,YOUNG,917,917.0,797,797.0
77,SIAgent2,FEMALE_LOW_INCOME,2628,2628.0,644,644.0
77,SIAgent0,MALE_LOW_INCOME,1452,1452.0,1156,1081.0
77,WEAgent7,MALE_HIGH_INCOME,530,530.0,0,0.0
78,WEAgent1,FEMALE_LOW_INCOME,876,876.0,876,876.0
78,WEAgent2,OLD_HIGH_INCOME,243,243.0,242,242.2420000000008
78,WEAgent0,OLD_LOW_INCOME,2517,2517.0,2517,2517.0
78,WEAgent5,OLD_HIGH_INCOME,243,243.0,436,230.23000000000073
78,WEAgent6,MALE_YOUNG_HIGH_INCOME,310,310.0,543,0.0
78,WEAgent3,FEMALE_YOUNG_HIGH_INCOME,153,153.0,0,0.0
78,WEAgent4,FEMALE_HIGH_INCOME,132,132.0,0,0.0
78,SIAgent5,FEMALE,1008,1008.0,1337,1008.0
78,SIAgent3,FEMALE_YOUNG_HIGH_INCOME,153,153.0,173,112.0
78,SIAgent4,MALE_OLD_LOW_INCOME,359,359.0,2,0.0
78,SIAgent1,FEMALE_OLD_LOW_INCOME,1440,1440.0,1038,607.0
78,SIAgent2,YOUNG_LOW_INCOME,2289,2289.0,1872,1091.0
78,SIAgent0,MALE_YOUNG_LOW_INCOME,734,734.0,734,734.0
78,WEAgent7,MALE_OLD_HIGH_INCOME,161,161.0,160,160.1600000000004
79,WEAgent1,OLD,3246,3246.0,4225,1787.0
79,WEAgent2,FEMALE_HIGH_INCOME,132,132.0,0,0.0
79,WEAgent0,FEMALE_OLD_HIGH_INCOME,162,162.0,0,0.0
79,WEAgent5,HIGH_INCOME,1192,1192.0,0,0.0
79,WEAgent6,MALE_HIGH_INCOME,530,530.0,0,0.0
79,WEAgent3,YOUNG,2753,2753.0,2712,2712.1429999999987
79,WEAgent4,FEMALE_YOUNG_LOW_INCOME,396,396.0,0,0.0
79,SIAgent5,MALE_HIGH_INCOME,795,795.0,201,201.0
79,SIAgent3,MALE_HIGH_INCOME,265,265.0,215,215.0
79,SIAgent4,MALE_HIGH_INCOME,795,795.0,187,187.0
79,SIAgent1,HIGH_INCOME,1192,1192.0,649,218.43100000000126
79,SIAgent2,YOUNG_LOW_INCOME,2289,2289.0,0,0.0
79,SIAgent0,MALE_LOW_INCOME,726,726.0,0,0.0
79,WEAgent7,YOUNG,1835,1835.0,1811,1811.1460000000002
80,WEAgent1,MALE_OLD,1561,1561.0,0,0.0
80,WEAgent2,OLD,1082,1082.0,1028,640.1140000000001
80,WEAgent0,LOW_INCOME,1602,1602.0,904,904.9039999999856
80,WEAgent5,MALE_YOUNG,1411,1411.0,0,0.0
80,WEAgent6,LOW_INCOME,1602,1602.0,924,924.9239999999851
80,WEAgent3,MALE_HIGH_INCOME,265,265.0,264,264.13200000000023
80,WEAgent4,FEMALE_YOUNG_LOW_INCOME,396,396.0,396,396.0
80,SIAgent5,MALE_OLD,520,520.0,0,0.0
80,SIAgent3,MALE_YOUNG_LOW_INCOME,734,734.0,692,692.0
80,SIAgent4,MALE_HIGH_INCOME,795,795.0,177,177.0
80,SIAgent1,MALE_YOUNG,1411,1411.0,872,872.0
80,SIAgent2,FEMALE_YOUNG,894,894.0,1923,0.0
80,SIAgent0,MALE_YOUNG,470,470.0,470,470.0
80,WEAgent7,MALE_HIGH_INCOME,795,795.0,0,0.0
81,WEAgent1,FEMALE_YOUNG,447,447.0,2015,0.0
81,WEAgent2,HIGH_INCOME,397,397.0,0,0.0
81,WEAgent0,OLD,1082,1082.0,1082,1082.0
81,WEAgent5,YOUNG_HIGH_INCOME,309,309.0,0,0.0
81,WEAgent6,FEMALE_HIGH_INCOME,132,132.0,0,0.0
81,WEAgent3,MALE_YOUNG_HIGH_INCOME,103,103.0,0,0.0
81,WEAgent4,MALE_OLD_HIGH_INCOME,323,323.0,0,0.0
81,SIAgent5,MALE_OLD_HIGH_INCOME,323,323.0,267,267.0
81,SIAgent3,FEMALE_OLD_HIGH_INCOME,162,162.0,162,162.0
81,SIAgent4,OLD_LOW_INCOME,2517,2517.0,2350,738.0
81,SIAgent1,MALE_YOUNG_HIGH_INCOME,310,310.0,0,0.0
81,SIAgent2,MALE,991,991.0,1525,991.0
81,SIAgent0,HIGH_INCOME,1192,1192.0,522,413.0
81,WEAgent7,YOUNG,1835,1835.0,1833,1833.0
82,WEAgent1,YOUNG,917,917.0,916,916.4209999999969
82,WEAgent2,FEMALE_LOW_INCOME,876,876.0,875,875.8749999999862
82,WEAgent0,MALE_OLD_HIGH_INCOME,161,161.0,160,160.1600000000004
82,WEAgent5,FEMALE_OLD_LOW_INCOME,1440,1440.0,968,968.967999999984
82,WEAgent6,MALE_YOUNG_HIGH_INCOME,103,103.0,0,0.0
82,WEAgent3,MALE_HIGH_INCOME,265,265.0,264,264.14400000000035
82,WEAgent4,FEMALE_OLD_LOW_INCOME,1440,1440.0,900,900.8999999999857
82,SIAgent5,MALE_LOW_INCOME,2178,2178.0,1048,1048.0
82,SIAgent3,MALE,2973,2973.0,1672,1272.0
82,SIAgent4,YOUNG,1835,1835.0,1029,1029.0
82,SIAgent1,FEMALE_YOUNG,447,447.0,311,311.0
82,SIAgent2,YOUNG_HIGH_INCOME,154,154.0,154,154.0
82,SIAgent0,LOW_INCOME,3204,3204.0,1300,1300.0
82,WEAgent7,MALE_OLD,1041,1041.0,0,0.0
83,WEAgent1,MALE_OLD,1041,1041.0,0,0.0
83,WEAgent2,YOUNG_HIGH_INCOME,154,154.0,0,0.0
83,WEAgent0,FEMALE_YOUNG,1341,1341.0,0,0.0
83,WEAgent5,MALE_LOW_INCOME,1452,1452.0,0,0.0
83,WEAgent6,OLD_LOW_INCOME,1678,1678.0,1598,1598.1230000000003
83,WEAgent3,MALE_HIGH_INCOME,265,265.0,0,0.0
83,WEAgent4,YOUNG_LOW_INCOME,2289,2289.0,2288,2288.4529999999913
83,SIAgent5,MALE_LOW_INCOME,726,726.0,41,41.0
83,SIAgent3,OLD_HIGH_INCOME,486,486.0,486,486.0
83,SIAgent4,HIGH_INCOME,397,397.0,553,397.0
83,SIAgent1,MALE_LOW_INCOME,726,726.0,36,36.0
83,SIAgent2,MALE,991,991.0,747,489.0
83,SIAgent0,FEMALE_OLD,561,561.0,2511,164.0
83,WEAgent7,LOW_INCOME,1602,1602.0,1629,584.5839999999931
84,WEAgent1,MALE_YOUNG,470,470.0,470,470.0
84,WEAgent2,FEMALE_LOW_INCOME,1752,1752.0,0,0.0
84,WEAgent0,FEMALE_YOUNG,1341,1341.0,0,0.0
84,WEAgent5,LOW_INCOME,4807,4807.0,4798,4798.0
84,WEAgent6,FEMALE_LOW_INCOME,2628,2628.0,0,0.0
84,WEAgent3,OLD_LOW_INCOME,839,839.0,0,0.0
84,WEAgent4,MALE_LOW_INCOME,1452,1452.0,0,0.0
84,SIAgent5,FEMALE_YOUNG_HIGH_INCOME,102,102.0,102,102.0
84,SIAgent3,MALE_OLD,520,520.0,394,394.0
84,SIAgent4,YOUNG,917,917.0,581,522.0
84,SIAgent1,MALE,2973,2973.0,428,428.0
84,SIAgent2,FEMALE_OLD_HIGH_INCOME,162,162.0,402,0.0
84,SIAgent0,LOW_INCOME,3204,3204.0,2825,450.0
84,WEAgent7,MALE_YOUNG_LOW_INCOME,367,367.0,0,0.0
85,WEAgent1,FEMALE_OLD,1684,1684.0,0,0.0
85,WEAgent2,MALE_OLD_HIGH_INCOME,484,484.0,0,0.0
85,WEAgent0,FEMALE_LOW_INCOME,876,876.0,875,875.8749999999862
85,WEAgent5,FEMALE_OLD_LOW_INCOME,480,480.0,0,0.0
85,WEAgent6,MALE,1982,1982.0,1966,1966.0
85,WEAgent3,MALE_OLD,520,520.0,0,0.0
85,WEAgent4,FEMALE_HIGH_INCOME,132,132.0,0,0.0
85,SIAgent5,YOUNG,917,917.0,2651,822.0
85,SIAgent3,FEMALE_OLD_HIGH_INCOME,244,244.0,158,158.0
85,SIAgent4,FEMALE,2017,2017.0,1158,1158.0
85,SIAgent1,MALE_YOUNG_HIGH_INCOME,206,206.0,0,0.0
85,SIAgent2,OLD,1082,1082.0,921,873.0
85,SIAgent0,MALE_OLD,520,520.0,520,520.0
85,WEAgent7,FEMALE_LOW_INCOME,1752,1752.0,1751,1751.8359999999827
86,WEAgent1,MALE_OLD_HIGH_INCOME,484,484.0,811,0.0
86,WEAgent2,FEMALE_OLD_HIGH_INCOME,81,81.0,416,0.0
86,WEAgent0,FEMALE_LOW_INCOME,2628,2628.0,2628,2628.0
86,WEAgent5,MALE_YOUNG_HIGH_INCOME,310,310.0,0,0.0
86,WEAgent6,MALE_YOUNG_LOW_INCOME,1101,1101.0,0,0.0
86,WEAgent3,MALE_LOW_INCOME,726,726.0,0,0.0
86,WEAgent4,MALE_YOUNG,470,470.0,511,0.0
86,SIAgent5,FEMALE_OLD_LOW_INCOME,1440,1440.0,351,351.0
86,SIAgent3,FEMALE_YOUNG_LOW_INCOME,792,792.0,377,377.0
86,SIAgent4,MALE_LOW_INCOME,1452,1452.0,1452,1452.0
86,SIAgent1,LOW_INCOME,4807,4807.0,2218,2156.0
86,SIAgent2,FEMALE_YOUNG,1341,1341.0,671,410.0
86,SIAgent0,MALE_YOUNG_LOW_INCOME,1101,1101.0,565,565.0
86,WEAgent7,MALE_OLD_LOW_INCOME,359,359.0,0,0.0
87,WEAgent1,YOUNG,1835,1835.0,2018,1305.5719999999903
87,WEAgent2,FEMALE_YOUNG_HIGH_INCOME,51,51.0,0,0.0
87,WEAgent0,FEMALE_OLD_HIGH_INCOME,244,244.0,0,0.0
87,WEAgent5,FEMALE_OLD,561,561.0,0,0.0
87,WEAgent6,YOUNG_LOW_INCOME,763,763.0,762,762.7619999999889
87,WEAgent3,FEMALE_YOUNG_LOW_INCOME,792,792.0,0,0.0
87,WEAgent4,HIGH_INCOME,1192,1192.0,1170,1170.0
87,SIAgent5,MALE_YOUNG_HIGH_INCOME,310,310.0,0,0.0
87,SIAgent3,FEMALE_YOUNG,447,447.0,18,18.0
87,SIAgent4,FEMALE_LOW_INCOME,876,876.0,756,756.0
87,SIAgent1,FEMALE_OLD_LOW_INCOME,960,960.0,844,844.0
87,SIAgent2,FEMALE_OLD_LOW_INCOME,1440,1440.0,802,802.0
87,SIAgent0,HIGH_INCOME,397,397.0,4,4.0
87,WEAgent7,FEMALE_LOW_INCOME,1752,1752.0,1751,1751.2310000000007
88,WEAgent1,MALE_YOUNG_LOW_INCOME,367,367.0,1815,0.0
88,WEAgent2,FEMALE_OLD_HIGH_INCOME,244,244.0,0,0.0
88,WEAgent0,YOUNG_LOW_INCOME,2289,2289.0,0,0.0
88,WEAgent5,YOUNG_HIGH_INCOME,309,309.0,309,309.0
88,WEAgent6,FEMALE,1008,1008.0,1007,1007.7409999999894
88,WEAgent3,FEMALE_HIGH_INCOME,397,397.0,0,0.0
88,WEAgent4,FEMALE,3026,3026.0,2940,2940.789999999988
88,SIAgent5,OLD,3246,3246.0,1775,1533.0
88,SIAgent3,MALE_YOUNG_HIGH_INCOME,206,206.0,88,88.0
88,SIAgent4,FEMALE_OLD,561,561.0,476,476.0
88,SIAgent1,MALE_OLD,1041,1041.0,1041,1041.0
88,SIAgent2,HIGH_INCOME,1192,1192.0,549,549.0
88,SIAgent0,FEMALE_YOUNG_LOW_INCOME,1188,1188.0,0,0.0
88,WEAgent7,FEMALE_HIGH_INCOME,397,397.0,0,0.0
89,WEAgent1,LOW_INCOME,3204,3204.0,3183,1410.0
89,WEAgent2,FEMALE_OLD_LOW_INCOME,960,960.0,0,0.0
89,WEAgent0,MALE_HIGH_INCOME,265,265.0,0,0.0
89,WEAgent5,FEMALE_YOUNG,894,894.0,0,0.0
89,WEAgent6,FEMALE_OLD_LOW_INCOME,960,960.0,0,0.0
89,WEAgent3,OLD,2164,2164.0,2182,1347.0
89,WEAgent4,MALE_HIGH_INCOME,530,530.0,0,0.0
89,SIAgent5,FEMALE_YOUNG_HIGH_INCOME,102,102.0,49,49.0
89,SIAgent3,FEMALE_YOUNG,894,894.0,848,848.0
89,SIAgent4,FEMALE_HIGH_INCOME,397,397.0,49,49.0
89,SIAgent1,FEMALE_HIGH_INCOME,265,265.0,49,49.0
89,SIAgent2,FEMALE_OLD,1123,1123.0,1403,0.0
89,SIAgent0,YOUNG,2753,2753.0,1841,883.0
89,WEAgent7,FEMALE_YOUNG_LOW_INCOME,396,396.0,396,396.0
90,WEAgent1,FEMALE_YOUNG_LOW_INCOME,1188,1188.0,0,0.0
90,WEAgent2,FEMALE_LOW_INCOME,2628,2628.0,2627,2627.4269999999915
90,WEAgent0,YOUNG,2753,2753.0,2752,2752.894999999984
90,WEAgent5,OLD_HIGH_INCOME,729,729.0,729,729.0
90,WEAgent6,LOW_INCOME,3204,3204.0,3207,1391.4349999999965
90,WEAgent3,OLD_LOW_INCOME,2517,2517.0,0,0.0
90,WEAgent4,FEMALE_YOUNG,447,447.0,0,0.0
90,SIAgent5,OLD_HIGH_INCOME,486,486.0,461,4.0
90,SIAgent3,YOUNG,1835,1835.0,28,28.0
90,SIAgent4,FEMALE_HIGH_INCOME,132,132.0,8,8.0
90,SIAgent1,FEMALE_OLD,1684,1684.0,143,4.0
90,SIAgent2,YOUNG,1835,1835.0,27,27.0
90,SIAgent0,FEMALE_YOUNG,1341,1341.0,18,18.0
90,WEAgent7,OLD_LOW_INCOME,2517,2517.0,0,0.0
91,WEAgent1,MALE_LOW_INCOME,2178,2178.0,0,0.0
91,WEAgent2,OLD_LOW_INCOME,2517,2517.0,2505,2505.0
91,WEAgent0,YOUNG_HIGH_INCOME,154,154.0,0,0.0
91,WEAgent5,MALE_OLD,1041,1041.0,0,0.0
91,WEAgent6,MALE,1982,1982.0,0,0.0
91,WEAgent3,MALE_HIGH_INCOME,530,530.0,0,0.0
91,WEAgent4,YOUNG_LOW_INCOME,2289,2289.0,2285,2285.0
91,SIAgent5,FEMALE_OLD_HIGH_INCOME,162,162.0,162,162.0
91,SIAgent3,YOUNG,917,917.0,1868,325.0
91,SIAgent4,OLD,2164,2164.0,2166,512.0
91,SIAgent1,HIGH_INCOME,1192,1192.0,852,852.0
91,SIAgent2,MALE_LOW_INCOME,726,726.0,0,0.0
91,SIAgent0,MALE_YOUNG,1411,1411.0,162,162.0
91,WEAgent7,OLD_HIGH_INCOME,486,486.0,0,0.0
92,WEAgent1,FEMALE_OLD_LOW_INCOME,480,480.0,479,479.47899999999555
92,WEAgent2,MALE_OLD,520,520.0,0,0.0
92,WEAgent0,FEMALE_OLD_HIGH_INCOME,162,162.0,0,0.0
92,WEAgent5,MALE_YOUNG_HIGH_INCOME,310,310.0,310,310.0
92,WEAgent6,LOW_INCOME,4807,4807.0,4807,4807.0
92,WEAgent3,OLD,2164,2164.0,2137,2137.4509999999927
92,WEAgent4,FEMALE_YOUNG_LOW_INCOME,396,396.0,0,0.0
92,SIAgent5,MALE_OLD_LOW_INCOME,718,718.0,0,0.0
92,SIAgent3,MALE_LOW_INCOME,726,726.0,15,15.0
92,SIAgent4,MALE_OLD_LOW_INCOME,718,718.0,1,1.0
92,SIAgent1,HIGH_INCOME,795,795.0,254,254.0
92,SIAgent2,MALE,2973,2973.0,75,75.0
92,SIAgent0,FEMALE,1008,1008.0,1922,138.0
92,WEAgent7,MALE_OLD,1561,1561.0,0,0.0
93,WEAgent1,FEMALE_OLD,1123,1123.0,2440,0.0
93,WEAgent2,MALE_OLD,520,520.0,810,0.0
93,WEAgent0,FEMALE_HIGH_INCOME,132,132.0,0,0.0
93,WEAgent5,FEMALE_OLD_HIGH_INCOME,162,162.0,0,0.0
93,WEAgent6,MALE_OLD_LOW_INCOME,359,359.0,358,358.3579999999984
93,WEAgent3,MALE_YOUNG_HIGH_INCOME,206,206.0,0,0.0
93,WEAgent4,MALE_OLD_LOW_INCOME,718,718.0,1462,350.3499999999986
93,SIAgent5,FEMALE_YOUNG,447,447.0,1997,65.0
93,SIAgent3,MALE_YOUNG_HIGH_INCOME,206,206.0,213,194.0190000000001
93,SIAgent4,FEMALE_HIGH_INCOME,397,397.0,285,285.0
93,SIAgent1,MALE_YOUNG_HIGH_INCOME,206,206.0,206,206.0
93,SIAgent2,YOUNG_HIGH_INCOME,154,154.0,154,154.0
93,SIAgent0,FEMALE_HIGH_INCOME,397,397.0,257,257.0
93,WEAgent7,MALE_YOUNG,1411,1411.0,1818,0.0
94,WEAgent1,OLD,3246,3246.0,3132,3132.234999999997
94,WEAgent2,FEMALE_LOW_INCOME,1752,1752.0,2438,451.4509999999962
94,WEAgent0,FEMALE,2017,2017.0,2002,2002.2080000000003
94,WEAgent5,OLD,1082,1082.0,0,0.0
94,WEAgent6,FEMALE_OLD,1684,1684.0,0,0.0
94,WEAgent3,MALE_YOUNG,470,470.0,524,0.0
94,WEAgent4,FEMALE_YOUNG_LOW_INCOME,1188,1188.0,0,0.0
94,SIAgent5,OLD_HIGH_INCOME,729,729.0,19,19.0
94,SIAgent3,FEMALE_YOUNG,894,894.0,38,0.0
94,SIAgent4,MALE_OLD,1041,1041.0,8,8.0
94,SIAgent1,MALE_OLD,520,520.0,11,11.0
94,SIAgent2,MALE_OLD,1561,1561.0,13,13.0
94,SIAgent0,FEMALE_OLD_HIGH_INCOME,81,81.0,7,7.0
94,WEAgent7,MALE_OLD_LOW_INCOME,718,718.0,0,0.0
95,WEAgent1,MALE_OLD_LOW_INCOME,1077,1077.0,0,0.0
95,WEAgent2,MALE_YOUNG_LOW_INCOME,734,734.0,0,0.0
95,WEAgent0,MALE,2973,2973.0,2957,2457.1310000000003
95,WEAgent5,MALE_YOUNG_LOW_INCOME,734,734.0,0,0.0
95,WEAgent6,MALE_OLD_HIGH_INCOME,484,484.0,0,0.0
95,WEAgent3,MALE_LOW_INCOME,1452,1452.0,1480,714.71399999999
95,WEAgent4,YOUNG_LOW_INCOME,763,763.0,762,762.5299999999899
95,SIAgent5,FEMALE_YOUNG_LOW_INCOME,396,396.0,1708,0.0
95,SIAgent3,OLD,1082,1082.0,1183,1023.0
95,SIAgent4,FEMALE_YOUNG_HIGH_INCOME,102,102.0,267,0.0
95,SIAgent1,OLD,1082,1082.0,1082,1082.0
95,SIAgent2,FEMALE_OLD_LOW_INCOME,480,480.0,480,480.0
95,SIAgent0,FEMALE_OLD_HIGH_INCOME,81,81.0,81,81.0
95,WEAgent7,MALE_HIGH_INCOME,530,530.0,0,0.0
96,WEAgent1,MALE_OLD_LOW_INCOME,1077,1077.0,1076,1076.06
96,WEAgent2,MALE_HIGH_INCOME,265,265.0,0,0.0
96,WEAgent0,MALE_OLD_HIGH_INCOME,323,323.0,0,0.0
96,WEAgent5,MALE_HIGH_INCOME,265,265.0,0,0.0
96,WEAgent6,MALE_HIGH_INCOME,795,795.0,0,0.0
96,WEAgent3,OLD_HIGH_INCOME,486,486.0,0,0.0
96,WEAgent4,OLD_LOW_INCOME,839,839.0,838,838.0610000000001
96,SIAgent5,MALE_HIGH_INCOME,795,795.0,662,662.0
96,SIAgent3,MALE_YOUNG_LOW_INCOME,367,367.0,367,367.0
96,SIAgent4,MALE,1982,1982.0,2071,1342.0
96,SIAgent1,OLD_LOW_INCOME,839,839.0,1883,310.0
96,SIAgent2,MALE_YOUNG,470,470.0,470,470.0
96,SIAgent0,FEMALE_YOUNG_HIGH_INCOME,102,102.0,261,0.0
96,WEAgent7,FEMALE_OLD_HIGH_INCOME,162,162.0,415,0.0
97,WEAgent1,MALE_OLD,1561,1561.0,0,0.0
97,WEAgent2,MALE,1982,1982.0,2038,146.14600000000033
97,WEAgent0,OLD,1082,1082.0,0,0.0
97,WEAgent5,MALE,2973,2973.0,2885,2402.135
97,WEAgent6,LOW_INCOME,1602,1602.0,0,0.0
97,WEAgent3,MALE_YOUNG_LOW_INCOME,367,367.0,0,0.0
97,WEAgent4,MALE_YOUNG,941,941.0,0,0.0
97,SIAgent5,FEMALE_HIGH_INCOME,265,265.0,171,171.0
97,SIAgent3,FEMALE_HIGH_INCOME,397,397.0,171,171.0
97,SIAgent4,OLD_HIGH_INCOME,729,729.0,90,90.0
97,SIAgent1,OLD_HIGH_INCOME,243,243.0,95,95.0
97,SIAgent2,OLD_LOW_INCOME,1678,1678.0,1178,1178.0
97,SIAgent0,FEMALE,3026,3026.0,3372,1372.0
97,WEAgent7,FEMALE_HIGH_INCOME,397,397.0,0,0.0
98,WEAgent1,MALE_YOUNG,1411,1411.0,0,0.0
98,WEAgent2,HIGH_INCOME,795,795.0,776,532.1249999999995
98,WEAgent0,MALE_HIGH_INCOME,530,530.0,529,529.1279999999988
98,WEAgent5,MALE_YOUNG_HIGH_INCOME,103,103.0,0,0.0
98,WEAgent6,MALE_YOUNG_HIGH_INCOME,103,103.0,0,0.0
98,WEAgent3,MALE_LOW_INCOME,1452,1452.0,0,0.0
98,WEAgent4,FEMALE_YOUNG,447,447.0,447,447.0
98,SIAgent5,FEMALE_OLD_HIGH_INCOME,162,162.0,1,0.0
98,SIAgent3,MALE_OLD_LOW_INCOME,1077,1077.0,865,865.0
98,SIAgent4,FEMALE_YOUNG,1341,1341.0,1073,787.0
98,SIAgent1,FEMALE_OLD_LOW_INCOME,480,480.0,480,480.0
98,SIAgent2,MALE_OLD_HIGH_INCOME,484,484.0,435,0.0
98,SIAgent0,LOW_INCOME,3204,3204.0,5394,2128.0
98,WEAgent7,FEMALE_HIGH_INCOME,132,132.0,0,0.0
99,WEAgent1,FEMALE_YOUNG,1341,1341.0,1328,1328.0
99,WEAgent2,MALE_OLD_HIGH_INCOME,323,323.0,0,0.0
99,WEAgent0,MALE_LOW_INCOME,2178,2178.0,0,0.0
99,WEAgent5,MALE_LOW_INCOME,2178,2178.0,0,0.0
99,WEAgent6,MALE,2973,2973.0,1442,1443.441999999973
99,WEAgent3,MALE,1982,1982.0,1967,1967.1459999999984
99,WEAgent4,MALE,2973,2973.0,1489,1490.4889999999718
99,SIAgent5,MALE_OLD_LOW_INCOME,718,718.0,0,0.0
99,SIAgent3,FEMALE_HIGH_INCOME,132,132.0,132,132.0
99,SIAgent4,FEMALE_YOUNG_HIGH_INCOME,102,102.0,0,0.0
99,SIAgent1,MALE_YOUNG,1411,1411.0,0,0.0
99,SIAgent2,FEMALE,1008,1008.0,3561,116.0
99,SIAgent0,FEMALE_OLD_HIGH_INCOME,81,81.0,81,81.0
99,WEAgent7,HIGH_INCOME,1192,1192.0,0,0.0

