0,WEAgent1,MALE_OLD,1041,1041.0,0,0.0
0,WEAgent2,MALE_LOW_INCOME,1452,1452.0,1451,1451.145999999999
0,WEAgent0,FEMALE_LOW_INCOME,2628,2628.0,1809,1810.435999999973
0,WEAgent3,FEMALE_OLD,561,561.0,0,0.0
0,WEAgent4,FEMALE_OLD,561,561.0,0,0.0
0,SIAgent3,MALE,2973,2973.0,2346,0.8360000000000006
0,WFAgent0,FEMALE_YOUNG_LOW_INCOME,792,792.0,791,791.7909999999882
0,WFAgent1,MALE_OLD,1561,1561.0,1176,1176.1430000000003
0,SIAgent1,FEMALE_OLD,1684,1684.0,796,796.0
0,WFAgent2,FEMALE_OLD,561,561.0,560,560.5599999999937
0,SIAgent2,FEMALE,2017,2017.0,939,939.0
0,SIAgent0,FEMALE_YOUNG_HIGH_INCOME,153,153.0,132,132.0
1,WEAgent1,MALE_YOUNG,941,941.0,0,0.0
1,WEAgent2,YOUNG,2753,2753.0,2751,143.41000000000147
1,WEAgent0,MALE_YOUNG,941,941.0,0,0.0
1,WEAgent3,FEMALE_LOW_INCOME,2628,2628.0,2627,2627.959999999986
1,WEAgent4,FEMALE_YOUNG_LOW_INCOME,792,792.0,0,0.0
1,SIAgent3,FEMALE_OLD_LOW_INCOME,960,960.0,0,0.0
1,WFAgent0,FEMALE,2017,2017.0,1574,1574.835999999987
1,WFAgent1,FEMALE_LOW_INCOME,1752,1752.0,0,0.0
1,SIAgent1,OLD_HIGH_INCOME,486,486.0,899,202.0
1,WFAgent2,MALE_OLD_HIGH_INCOME,161,161.0,161,161.0
1,SIAgent2,FEMALE_OLD,1123,1123.0,196,196.0
1,SIAgent0,FEMALE_LOW_INCOME,876,876.0,24,0.0
2,WEAgent1,OLD_LOW_INCOME,1678,1678.0,1678,1678.0
2,WEAgent2,MALE_HIGH_INCOME,265,265.0,264,264.01800000000003
2,WEAgent0,YOUNG_HIGH_INCOME,309,309.0,0,0.0
2,WEAgent3,MALE_OLD_LOW_INCOME,718,718.0,0,0.0
2,WEAgent4,HIGH_INCOME,795,795.0,606,242.2420000000008
2,SIAgent3,OLD,1082,1082.0,1871,906.0
2,WFAgent0,MALE_YOUNG_HIGH_INCOME,206,206.0,205,205.2050000000006
2,WFAgent1,YOUNG,2753,2753.0,0,0.0
2,SIAgent1,LOW_INCOME,4807,4807.0,3664,1640.0
2,WFAgent2,OLD,1082,1082.0,0,0.0
2,SIAgent2,MALE_YOUNG,470,470.0,470,470.0
2,SIAgent0,MALE_LOW_INCOME,1452,1452.0,1242,1242.0
3,WEAgent1,FEMALE_YOUNG,1341,1341.0,0,0.0
3,WEAgent2,OLD_LOW_INCOME,1678,1678.0,3353,1533.496999999959
3,WEAgent0,OLD,1082,1082.0,1075,675.674999999991
3,WEAgent3,YOUNG_LOW_INCOME,1526,1526.0,1210,1211.2099999999784
3,WEAgent4,FEMALE_OLD_HIGH_INCOME,162,162.0,0,0.0
3,SIAgent3,FEMALE_YOUNG,447,447.0,92,92.0
3,WFAgent0,MALE,2973,2973.0,1556,729.0
3,WFAgent1,MALE_YOUNG_HIGH_INCOME,103,103.0,103,103.0
3,SIAgent1,FEMALE_OLD_LOW_INCOME,960,960.0,225,0.0
3,WFAgent2,FEMALE,1008,1008.0,993,993.9929999999835
3,SIAgent2,YOUNG,1835,1835.0,1342,78.0
3,SIAgent0,FEMALE_YOUNG_HIGH_INCOME,51,51.0,51,51.0
4,WEAgent1,YOUNG_HIGH_INCOME,309,309.0,0,0.0
4,WEAgent2,OLD_HIGH_INCOME,243,243.0,0,0.0
4,WEAgent0,YOUNG_LOW_INCOME,763,763.0,763,763.0
4,WEAgent3,MALE_YOUNG_HIGH_INCOME,310,310.0,0,0.0
4,WEAgent4,OLD_HIGH_INCOME,486,486.0,0,0.0
4,SIAgent3,MALE,1982,1982.0,2589,0.0
4,WFAgent0,MALE_LOW_INCOME,726,726.0,0,0.0
4,WFAgent1,MALE_OLD,1561,1561.0,1561,1561.0
4,SIAgent1,FEMALE_OLD,1123,1123.0,2611,0.0
4,WFAgent2,FEMALE_HIGH_INCOME,397,397.0,397,397.0
4,SIAgent2,FEMALE_YOUNG_HIGH_INCOME,102,102.0,3,3.0
4,SIAgent0,FEMALE_YOUNG_HIGH_INCOME,51,51.0,4,4.0
5,WEAgent1,FEMALE_YOUNG_HIGH_INCOME,102,102.0,0,0.0
5,WEAgent2,FEMALE,2017,2017.0,0,0.0
5,WEAgent0,MALE,1982,1982.0,1982,1982.0
5,WEAgent3,FEMALE,3026,3026.0,1837,1838.7889999999647
5,WEAgent4,FEMALE,3026,3026.0,1924,1925.9239999999616
5,SIAgent3,HIGH_INCOME,397,397.0,25,19.0
5,WFAgent0,FEMALE_YOUNG,1341,1341.0,0,0.0
5,WFAgent1,FEMALE_YOUNG,1341,1341.0,0,0.0
5,SIAgent1,OLD,2164,2164.0,895,25.870000000000033
5,WFAgent2,OLD,3246,3246.0,3000,3000.0
5,SIAgent2,MALE_LOW_INCOME,1452,1452.0,173,173.0
5,SIAgent0,MALE_LOW_INCOME,726,726.0,164,164.0
6,WEAgent1,FEMALE_YOUNG_LOW_INCOME,792,792.0,0,0.0
6,WEAgent2,FEMALE_OLD_HIGH_INCOME,162,162.0,0,0.0
6,WEAgent0,LOW_INCOME,4807,4807.0,3951,3952.673000000099
6,WEAgent3,FEMALE_OLD_HIGH_INCOME,81,81.0,0,0.0
6,WEAgent4,FEMALE_OLD_LOW_INCOME,480,480.0,479,479.47899999999555
6,SIAgent3,FEMALE_OLD_HIGH_INCOME,81,81.0,400,0.0
6,WFAgent0,FEMALE,1008,1008.0,714,714.4439999999963
6,WFAgent1,MALE,1982,1982.0,1515,710.7099999999901
6,SIAgent1,LOW_INCOME,1602,1602.0,622,622.0
6,WFAgent2,FEMALE_YOUNG,894,894.0,893,893.8929999999858
6,SIAgent2,YOUNG_HIGH_INCOME,309,309.0,798,0.5380000000000004
6,SIAgent0,LOW_INCOME,4807,4807.0,628,628.0
7,WEAgent1,HIGH_INCOME,795,795.0,447,447.1939999999986
7,WEAgent2,MALE_HIGH_INCOME,795,795.0,926,207.20700000000062
7,WEAgent0,MALE,1982,1982.0,0,0.0
7,WEAgent3,FEMALE,1008,1008.0,0,0.0
7,WEAgent4,LOW_INCOME,4807,4807.0,4845,2996.0
7,SIAgent3,YOUNG,1835,1835.0,190,190.0
7,WFAgent0,MALE_HIGH_INCOME,265,265.0,192,192.19200000000055
7,WFAgent1,MALE_OLD_LOW_INCOME,718,718.0,0,0.0
7,SIAgent1,FEMALE_LOW_INCOME,1752,1752.0,820,820.0
7,WFAgent2,FEMALE_OLD,1123,1123.0,1123,1123.0
7,SIAgent2,FEMALE_LOW_INCOME,876,876.0,822,822.0
7,SIAgent0,FEMALE_YOUNG,1341,1341.0,221,221.0
8,WEAgent1,OLD_HIGH_INCOME,486,486.0,0,0.0
8,WEAgent2,YOUNG_HIGH_INCOME,309,309.0,309,309.0
8,WEAgent0,OLD,2164,2164.0,2498,1738.3059999999718
8,WEAgent3,MALE_OLD_HIGH_INCOME,484,484.0,0,0.0
8,WEAgent4,MALE_YOUNG_LOW_INCOME,367,367.0,0,0.0
8,SIAgent3,HIGH_INCOME,397,397.0,206,206.0
8,WFAgent0,MALE_OLD,520,520.0,519,519.5189999999947
8,WFAgent1,MALE_LOW_INCOME,2178,2178.0,1789,0.0
8,SIAgent1,MALE_HIGH_INCOME,795,795.0,107,107.0
8,WFAgent2,YOUNG_LOW_INCOME,2289,2289.0,0,0.0
8,SIAgent2,FEMALE_HIGH_INCOME,265,265.0,123,123.0
8,SIAgent0,FEMALE_OLD,561,561.0,2456,0.0
9,WEAgent1,MALE_YOUNG_LOW_INCOME,367,367.0,0,0.0
9,WEAgent2,MALE_OLD_LOW_INCOME,1077,1077.0,0,0.0
9,WEAgent0,FEMALE_YOUNG_LOW_INCOME,396,396.0,395,395.39499999999754
9,WEAgent3,MALE_YOUNG,941,941.0,685,685.2389999999951
9,WEAgent4,FEMALE_YOUNG_LOW_INCOME,396,396.0,395,395.37399999999803
9,SIAgent3,OLD,1082,1082.0,1082,1082.0
9,WFAgent0,MALE_HIGH_INCOME,265,265.0,264,264.26400000000064
9,WFAgent1,OLD,1082,1082.0,1080,1081.0799999999815
9,SIAgent1,MALE_OLD_LOW_INCOME,359,359.0,359,359.0
9,WFAgent2,FEMALE_OLD,1123,1123.0,1121,1122.060999999982
9,SIAgent2,LOW_INCOME,3204,3204.0,3603,571.0
9,SIAgent0,HIGH_INCOME,795,795.0,1016,517.0
10,WEAgent1,FEMALE_OLD,561,561.0,560,560.1530000000005
10,WEAgent2,MALE_OLD_HIGH_INCOME,484,484.0,0,0.0
10,WEAgent0,FEMALE_OLD_LOW_INCOME,480,480.0,479,479.1190000000002
10,WEAgent3,FEMALE_YOUNG_LOW_INCOME,396,396.0,0,0.0
10,WEAgent4,FEMALE_YOUNG,1341,1341.0,1341,1341.0
10,SIAgent3,MALE_YOUNG_HIGH_INCOME,103,103.0,209,0.0
10,WFAgent0,MALE_YOUNG_HIGH_INCOME,310,310.0,310,310.0
10,WFAgent1,MALE_YOUNG,470,470.0,0,0.0
10,SIAgent1,FEMALE_LOW_INCOME,876,876.0,2342,0.6270000000000004
10,WFAgent2,YOUNG,1835,1835.0,1144,871.0
10,SIAgent2,OLD_HIGH_INCOME,486,486.0,806,0.0
10,SIAgent0,MALE_LOW_INCOME,1452,1452.0,2809,0.0
11,WEAgent1,MALE_OLD_HIGH_INCOME,161,161.0,0,0.0
11,WEAgent2,MALE_YOUNG_LOW_INCOME,1101,1101.0,0,0.0
11,WEAgent0,LOW_INCOME,1602,1602.0,1601,1601.7899999999838
11,WEAgent3,OLD,2164,2164.0,2171,1342.787999999984
11,WEAgent4,YOUNG_HIGH_INCOME,154,154.0,154,154.0
11,SIAgent3,MALE_YOUNG,470,470.0,470,470.0
11,WFAgent0,OLD_HIGH_INCOME,486,486.0,486,486.0
11,WFAgent1,FEMALE_HIGH_INCOME,265,265.0,0,0.0
11,SIAgent1,MALE_OLD,520,520.0,520,520.0
11,WFAgent2,FEMALE_HIGH_INCOME,397,397.0,0,0.0
11,SIAgent2,HIGH_INCOME,1192,1192.0,452,351.0
11,SIAgent0,MALE,2973,2973.0,2148,1205.0
12,WEAgent1,FEMALE_OLD,561,561.0,2385,0.0
12,WEAgent2,MALE_OLD_LOW_INCOME,1077,1077.0,0,0.0
12,WEAgent0,MALE,2973,2973.0,0,0.0
12,WEAgent3,LOW_INCOME,4807,4807.0,4792,3008.0
12,WEAgent4,MALE_YOUNG,1411,1411.0,0,0.0
12,SIAgent3,OLD_HIGH_INCOME,243,243.0,243,243.0
12,WFAgent0,LOW_INCOME,4807,4807.0,0,0.0
12,WFAgent1,HIGH_INCOME,397,397.0,397,397.0
12,SIAgent1,HIGH_INCOME,795,795.0,1138,417.0
12,WFAgent2,YOUNG_LOW_INCOME,2289,2289.0,0,0.0
12,SIAgent2,YOUNG,2753,2753.0,614,614.0
12,SIAgent0,YOUNG_LOW_INCOME,763,763.0,431,431.0
13,WEAgent1,MALE_YOUNG_HIGH_INCOME,206,206.0,305,198.19800000000058
13,WEAgent2,FEMALE_YOUNG,447,447.0,0,0.0
13,WEAgent0,MALE_OLD_HIGH_INCOME,161,161.0,729,0.0
13,WEAgent3,FEMALE_LOW_INCOME,1752,1752.0,1509,1509.4659999999958
13,WEAgent4,YOUNG_HIGH_INCOME,463,463.0,470,206.2060000000006
13,SIAgent3,FEMALE_OLD_LOW_INCOME,1440,1440.0,469,469.0
13,WFAgent0,MALE_LOW_INCOME,2178,2178.0,1857,0.0
13,WFAgent1,FEMALE_OLD_LOW_INCOME,1440,1440.0,1440,1440.0
13,SIAgent1,MALE_YOUNG_LOW_INCOME,367,367.0,1837,1.8369999999999085
13,WFAgent2,FEMALE_YOUNG,447,447.0,446,446.44599999999633
13,SIAgent2,FEMALE_OLD,561,561.0,938,518.0
13,SIAgent0,FEMALE_YOUNG_LOW_INCOME,792,792.0,0,0.0
14,WEAgent1,YOUNG_LOW_INCOME,763,763.0,2462,626.6259999999921
14,WEAgent2,MALE_OLD_HIGH_INCOME,161,161.0,0,0.0
14,WEAgent0,MALE_YOUNG_HIGH_INCOME,206,206.0,0,0.0
14,WEAgent3,MALE_OLD_HIGH_INCOME,323,323.0,0,0.0
14,WEAgent4,HIGH_INCOME,1192,1192.0,1100,1100.1249999999986
14,SIAgent3,FEMALE,2017,2017.0,1977,1468.0
14,WFAgent0,FEMALE_YOUNG_HIGH_INCOME,102,102.0,0,0.0
14,WFAgent1,MALE_YOUNG_HIGH_INCOME,103,103.0,102,102.10200000000012
14,SIAgent1,HIGH_INCOME,795,795.0,365,365.0
14,WFAgent2,FEMALE_YOUNG_LOW_INCOME,792,792.0,791,791.6289999999921
14,SIAgent2,FEMALE_OLD_LOW_INCOME,1440,1440.0,1192,1192.0
14,SIAgent0,OLD_HIGH_INCOME,729,729.0,231,231.0
15,WEAgent1,MALE_YOUNG_LOW_INCOME,1101,1101.0,0,0.0
15,WEAgent2,MALE_OLD,520,520.0,0,0.0
15,WEAgent0,MALE_YOUNG,941,941.0,0,0.0
15,WEAgent3,MALE_OLD_HIGH_INCOME,484,484.0,0,0.0
15,WEAgent4,MALE_HIGH_INCOME,265,265.0,0,0.0
15,SIAgent3,YOUNG,2753,2753.0,4522,0.0
15,WFAgent0,OLD_LOW_INCOME,2517,2517.0,0,0.0
15,WFAgent1,OLD,2164,2164.0,1928,1928.0
15,SIAgent1,FEMALE_OLD_HIGH_INCOME,244,244.0,138,138.0
15,WFAgent2,OLD_HIGH_INCOME,729,729.0,0,0.0
15,SIAgent2,OLD,2164,2164.0,3089,493.43499999997505
15,SIAgent0,MALE_OLD_HIGH_INCOME,323,323.0,323,323.0
16,WEAgent1,FEMALE_OLD_HIGH_INCOME,244,244.0,0,0.0
16,WEAgent2,FEMALE_OLD_LOW_INCOME,480,480.0,480,480.0
16,WEAgent0,LOW_INCOME,3204,3204.0,3602,0.0
16,WEAgent3,FEMALE_OLD_HIGH_INCOME,81,81.0,0,0.0
16,WEAgent4,FEMALE_YOUNG_LOW_INCOME,1188,1188.0,0,0.0
16,SIAgent3,FEMALE,2017,2017.0,1949,1465.0
16,WFAgent0,MALE_OLD_HIGH_INCOME,484,484.0,0,0.0
16,WFAgent1,MALE_HIGH_INCOME,795,795.0,1306,0.0
16,SIAgent1,FEMALE_OLD_HIGH_INCOME,81,81.0,81,81.0
16,WFAgent2,MALE_OLD_HIGH_INCOME,484,484.0,0,0.0
16,SIAgent2,FEMALE_LOW_INCOME,1752,1752.0,1283,1283.0
16,SIAgent0,FEMALE_LOW_INCOME,1752,1752.0,1299,1299.0
17,WEAgent1,MALE_OLD_HIGH_INCOME,161,161.0,0,0.0
17,WEAgent2,MALE_OLD,1041,1041.0,0,0.0
17,WEAgent0,FEMALE_OLD_LOW_INCOME,480,480.0,0,0.0
17,WEAgent3,YOUNG_LOW_INCOME,2289,2289.0,1359,1359.9059999999808
17,WEAgent4,FEMALE_YOUNG_LOW_INCOME,1188,1188.0,0,0.0
17,SIAgent3,FEMALE_HIGH_INCOME,265,265.0,169,127.0
17,WFAgent0,OLD_HIGH_INCOME,486,486.0,1230,407.0
17,WFAgent1,MALE,2973,2973.0,0,0.0
17,SIAgent1,YOUNG_LOW_INCOME,2289,2289.0,768,768.0
17,WFAgent2,YOUNG_LOW_INCOME,1526,1526.0,933,933.9329999999849
17,SIAgent2,FEMALE_YOUNG,894,894.0,889,889.0
17,SIAgent0,OLD_LOW_INCOME,2517,2517.0,4115,0.0
18,WEAgent1,YOUNG_HIGH_INCOME,463,463.0,0,0.0
18,WEAgent2,OLD,2164,2164.0,2139,2139.858999999982
18,WEAgent0,LOW_INCOME,1602,1602.0,1600,1601.5999999999692
18,WEAgent3,MALE_YOUNG,1411,1411.0,1622,1291.1049999999784
18,WEAgent4,MALE_YOUNG_HIGH_INCOME,310,310.0,0,0.0
18,SIAgent3,OLD,1082,1082.0,1523,5.0
18,WFAgent0,YOUNG,917,917.0,1975,0.0
18,WFAgent1,FEMALE_YOUNG_HIGH_INCOME,153,153.0,153,153.0
18,SIAgent1,OLD_HIGH_INCOME,729,729.0,9,9.0
18,WFAgent2,OLD_LOW_INCOME,839,839.0,839,839.0
18,SIAgent2,MALE_YOUNG_HIGH_INCOME,103,103.0,28,0.0
18,SIAgent0,FEMALE_YOUNG_HIGH_INCOME,153,153.0,112,0.0
19,WEAgent1,YOUNG_LOW_INCOME,763,763.0,0,0.0
19,WEAgent2,YOUNG,917,917.0,916,916.6379999999872
19,WEAgent0,YOUNG_HIGH_INCOME,463,463.0,0,0.0
19,WEAgent3,FEMALE_YOUNG,1341,1341.0,1340,1340.6739999999909
19,WEAgent4,FEMALE_OLD_HIGH_INCOME,162,162.0,0,0.0
19,SIAgent3,FEMALE_OLD_LOW_INCOME,1440,1440.0,1919,450.0
19,WFAgent0,FEMALE_HIGH_INCOME,132,132.0,408,0.0
19,WFAgent1,OLD,1082,1082.0,1744,0.0
19,SIAgent1,YOUNG,917,917.0,917,917.0
19,WFAgent2,YOUNG_HIGH_INCOME,309,309.0,309,309.0
19,SIAgent2,YOUNG,1835,1835.0,1201,960.0
19,SIAgent0,FEMALE_OLD_LOW_INCOME,480,480.0,480,480.0
20,WEAgent1,OLD_LOW_INCOME,839,839.0,0,0.0
20,WEAgent2,HIGH_INCOME,795,795.0,0,0.0
20,WEAgent0,MALE_YOUNG_HIGH_INCOME,206,206.0,0,0.0
20,WEAgent3,YOUNG,1835,1835.0,1835,1835.0
20,WEAgent4,MALE_OLD_HIGH_INCOME,484,484.0,0,0.0
20,SIAgent3,FEMALE_OLD,1123,1123.0,912,0.4050000000000003
20,WFAgent0,MALE_OLD_HIGH_INCOME,484,484.0,484,484.0
20,WFAgent1,FEMALE_LOW_INCOME,2628,2628.0,2607,2607.6479999999874
20,SIAgent1,FEMALE_YOUNG_LOW_INCOME,396,396.0,0,0.0
20,WFAgent2,OLD,2164,2164.0,1779,1779.5799999999892
20,SIAgent2,MALE,2973,2973.0,2377,0.0
20,SIAgent0,FEMALE_YOUNG,894,894.0,6,0.0
21,WEAgent1,OLD,2164,2164.0,2140,2140.145999999998
21,WEAgent2,FEMALE_YOUNG,447,447.0,447,447.0
21,WEAgent0,FEMALE_LOW_INCOME,876,876.0,0,0.0
21,WEAgent3,MALE,2973,2973.0,2989,2166.1420000000003
21,WEAgent4,MALE_YOUNG,1411,1411.0,0,0.0
21,SIAgent3,FEMALE_YOUNG_HIGH_INCOME,102,102.0,19,19.0
21,WFAgent0,YOUNG_LOW_INCOME,2289,2289.0,0,0.0
21,WFAgent1,LOW_INCOME,1602,1602.0,1602,1602.0
21,SIAgent1,YOUNG_HIGH_INCOME,309,309.0,19,14.0
21,WFAgent2,MALE_LOW_INCOME,726,726.0,0,0.0
21,SIAgent2,FEMALE_OLD_HIGH_INCOME,162,162.0,0,0.0
21,SIAgent0,LOW_INCOME,1602,1602.0,2784,0.0
22,WEAgent1,MALE_YOUNG_HIGH_INCOME,310,310.0,0,0.0
22,WEAgent2,LOW_INCOME,3204,3204.0,2695,2695.908000000036
22,WEAgent0,MALE_OLD_HIGH_INCOME,323,323.0,323,323.0
22,WEAgent3,FEMALE_OLD_HIGH_INCOME,81,81.0,0,0.0
22,WEAgent4,YOUNG,1835,1835.0,0,0.0
22,SIAgent3,MALE_OLD,1041,1041.0,336,103.0
22,WFAgent0,FEMALE_YOUNG,1341,1341.0,0,0.0
22,WFAgent1,FEMALE_LOW_INCOME,2628,2628.0,0,0.0
22,SIAgent1,FEMALE,3026,3026.0,4958,132.0
22,WFAgent2,MALE_YOUNG,941,941.0,915,915.9149999999853
22,SIAgent2,OLD_HIGH_INCOME,243,243.0,243,243.0
22,SIAgent0,MALE_YOUNG_HIGH_INCOME,103,103.0,530,0.0
23,WEAgent1,MALE_HIGH_INCOME,795,795.0,795,795.0
23,WEAgent2,YOUNG,1835,1835.0,1835,1835.0
23,WEAgent0,MALE_YOUNG_HIGH_INCOME,103,103.0,0,0.0
23,WEAgent3,FEMALE_YOUNG,447,447.0,0,0.0
23,WEAgent4,MALE_YOUNG,470,470.0,0,0.0
23,SIAgent3,YOUNG_HIGH_INCOME,463,463.0,180,8.0
23,WFAgent0,FEMALE,3026,3026.0,3043,217.21700000000067
23,WFAgent1,FEMALE_YOUNG,1341,1341.0,1785,193.19300000000055
23,SIAgent1,MALE_HIGH_INCOME,265,265.0,8,4.0
23,WFAgent2,FEMALE_YOUNG_HIGH_INCOME,102,102.0,102,102.0
23,SIAgent2,MALE_LOW_INCOME,1452,1452.0,2247,0.0
23,SIAgent0,MALE_YOUNG_HIGH_INCOME,310,310.0,5,5.0
24,WEAgent1,MALE_OLD_LOW_INCOME,718,718.0,0,0.0
24,WEAgent2,YOUNG_LOW_INCOME,2289,2289.0,1525,1526.2369999999778
24,WEAgent0,YOUNG_HIGH_INCOME,154,154.0,0,0.0
24,WEAgent3,FEMALE_YOUNG,1341,1341.0,1027,1027.7859999999864
24,WEAgent4,FEMALE_OLD_LOW_INCOME,1440,1440.0,2320,2.3199999999998555
24,SIAgent3,FEMALE_OLD_HIGH_INCOME,81,81.0,407,0.0
24,WFAgent0,FEMALE_LOW_INCOME,876,876.0,839,839.8389999999871
24,WFAgent1,YOUNG_LOW_INCOME,763,763.0,762,762.7619999999889
24,SIAgent1,MALE,1982,1982.0,2003,272.0
24,WFAgent2,OLD_LOW_INCOME,1678,1678.0,852,852.0
24,SIAgent2,MALE_HIGH_INCOME,265,265.0,265,265.0
24,SIAgent0,FEMALE_YOUNG_HIGH_INCOME,153,153.0,0,0.0
25,WEAgent1,MALE_OLD_LOW_INCOME,1077,1077.0,0,0.0
25,WEAgent2,MALE_LOW_INCOME,2178,2178.0,0,0.0
25,WEAgent0,MALE_YOUNG_LOW_INCOME,367,367.0,367,367.0
25,WEAgent3,LOW_INCOME,1602,1602.0,1601,1601.6969999999865
25,WEAgent4,FEMALE_LOW_INCOME,2628,2628.0,2612,2612.6479999999874
25,SIAgent3,MALE_OLD_LOW_INCOME,359,359.0,359,359.0
25,WFAgent0,MALE_OLD_HIGH_INCOME,161,161.0,0,0.0
25,WFAgent1,FEMALE_OLD_HIGH_INCOME,81,81.0,81,81.0
25,SIAgent1,OLD_LOW_INCOME,2517,2517.0,781,781.0
25,WFAgent2,FEMALE_YOUNG,894,894.0,0,0.0
25,SIAgent2,FEMALE,1008,1008.0,717,142.0
25,SIAgent0,MALE,2973,2973.0,3482,675.0
26,WEAgent1,MALE_YOUNG,470,470.0,0,0.0
26,WEAgent2,FEMALE_OLD,1684,1684.0,1546,1406.7529999999892
26,WEAgent0,FEMALE_OLD_LOW_INCOME,1440,1440.0,0,0.0
26,WEAgent3,FEMALE_YOUNG,447,447.0,315,315.1239999999989
26,WEAgent4,FEMALE_OLD_LOW_INCOME,480,480.0,479,479.47899999999555
26,SIAgent3,OLD_HIGH_INCOME,243,243.0,243,243.0
26,WFAgent0,MALE_HIGH_INCOME,530,530.0,530,530.0
26,WFAgent1,OLD_HIGH_INCOME,243,243.0,0,0.0
26,SIAgent1,OLD_LOW_INCOME,1678,1678.0,893,893.0
26,WFAgent2,FEMALE_HIGH_INCOME,397,397.0,259,259.25900000000075
26,SIAgent2,MALE,2973,2973.0,2028,1702.3139999999926
26,SIAgent0,LOW_INCOME,3204,3204.0,3707,1867.0
27,WEAgent1,YOUNG_HIGH_INCOME,154,154.0,0,0.0
27,WEAgent2,MALE_YOUNG_LOW_INCOME,367,367.0,0,0.0
27,WEAgent0,MALE_YOUNG,470,470.0,0,0.0
27,WEAgent3,YOUNG,1835,1835.0,1724,1578.8809999999814
27,WEAgent4,OLD_HIGH_INCOME,729,729.0,0,0.0
27,SIAgent3,OLD_LOW_INCOME,839,839.0,839,839.0
27,WFAgent0,HIGH_INCOME,795,795.0,277,277.1009999999998
27,WFAgent1,MALE_OLD,520,520.0,0,0.0
27,SIAgent1,LOW_INCOME,3204,3204.0,4164,1544.4439999999895
27,WFAgent2,FEMALE,1008,1008.0,1007,1007.6199999999923
27,SIAgent2,FEMALE_HIGH_INCOME,265,265.0,216,0.0
27,SIAgent0,MALE,991,991.0,1540,991.0
28,WEAgent1,YOUNG_LOW_INCOME,1526,1526.0,2013,227.22700000000071
28,WEAgent2,FEMALE_HIGH_INCOME,265,265.0,265,265.0
28,WEAgent0,OLD_LOW_INCOME,839,839.0,0,0.0
28,WEAgent3,FEMALE_LOW_INCOME,1752,1752.0,1752,1752.0
28,WEAgent4,MALE,2973,2973.0,3162,1313.0
28,SIAgent3,FEMALE_YOUNG,1341,1341.0,140,125.0
28,WFAgent0,FEMALE_LOW_INCOME,876,876.0,0,0.0
28,WFAgent1,FEMALE_HIGH_INCOME,132,132.0,0,0.0
28,SIAgent1,OLD_LOW_INCOME,839,839.0,839,839.0
28,WFAgent2,MALE_LOW_INCOME,726,726.0,0,0.0
28,SIAgent2,FEMALE_OLD_LOW_INCOME,1440,1440.0,1520,861.0
28,SIAgent0,FEMALE_HIGH_INCOME,397,397.0,309,133.0
29,WEAgent1,FEMALE_HIGH_INCOME,132,132.0,0,0.0
29,WEAgent2,HIGH_INCOME,795,795.0,795,795.0
29,WEAgent0,MALE_OLD_LOW_INCOME,359,359.0,0,0.0
29,WEAgent3,FEMALE_YOUNG,1341,1341.0,1309,1049.8579999999865
29,WEAgent4,YOUNG_HIGH_INCOME,309,309.0,0,0.0
29,SIAgent3,FEMALE_OLD_HIGH_INCOME,244,244.0,15,0.0
29,WFAgent0,YOUNG_HIGH_INCOME,309,309.0,0,0.0
29,WFAgent1,FEMALE_LOW_INCOME,876,876.0,875,875.8749999999862
29,SIAgent1,LOW_INCOME,1602,1602.0,4620,1414.0
29,WFAgent2,MALE_OLD,1561,1561.0,0,0.0
29,SIAgent2,MALE_LOW_INCOME,1452,1452.0,1452,1452.0
29,SIAgent0,MALE_HIGH_INCOME,795,795.0,934,0.0
30,WEAgent1,FEMALE_YOUNG_HIGH_INCOME,102,102.0,0,0.0
30,WEAgent2,MALE_OLD_LOW_INCOME,359,359.0,0,0.0
30,WEAgent0,FEMALE_OLD_LOW_INCOME,960,960.0,960,960.0
30,WEAgent3,MALE_HIGH_INCOME,795,795.0,0,0.0
30,WEAgent4,FEMALE_HIGH_INCOME,132,132.0,0,0.0
30,SIAgent3,FEMALE,2017,2017.0,3566,485.0
30,WFAgent0,HIGH_INCOME,1192,1192.0,0,0.0
30,WFAgent1,MALE_YOUNG,1411,1411.0,0,0.0
30,SIAgent1,MALE_OLD,1041,1041.0,1041,1041.0
30,WFAgent2,MALE_YOUNG,941,941.0,0,0.0
30,SIAgent2,MALE,1982,1982.0,3953,1051.0
30,SIAgent0,FEMALE_OLD_LOW_INCOME,480,480.0,480,480.0
31,WEAgent1,OLD_LOW_INCOME,2517,2517.0,2464,2464.0
31,WEAgent2,YOUNG,2753,2753.0,2730,400.5039999999933
31,WEAgent0,MALE_YOUNG,470,470.0,0,0.0
31,WEAgent3,FEMALE_OLD_HIGH_INCOME,162,162.0,0,0.0
31,WEAgent4,MALE_LOW_INCOME,726,726.0,0,0.0
31,SIAgent3,OLD_LOW_INCOME,839,839.0,1705,0.0
31,WFAgent0,MALE_YOUNG_HIGH_INCOME,310,310.0,0,0.0
31,WFAgent1,HIGH_INCOME,1192,1192.0,0,0.0
31,SIAgent1,FEMALE_OLD_HIGH_INCOME,244,244.0,419,0.0
31,WFAgent2,FEMALE_YOUNG_LOW_INCOME,1188,1188.0,0,0.0
31,SIAgent2,FEMALE_YOUNG,447,447.0,1849,15.0
31,SIAgent0,FEMALE_YOUNG_HIGH_INCOME,153,153.0,20,20.0
32,WEAgent1,FEMALE,3026,3026.0,2957,760.0
32,WEAgent2,FEMALE_YOUNG_HIGH_INCOME,153,153.0,0,0.0
32,WEAgent0,FEMALE_LOW_INCOME,876,876.0,0,0.0
32,WEAgent3,FEMALE_YOUNG_LOW_INCOME,396,396.0,0,0.0
32,WEAgent4,FEMALE_YOUNG_HIGH_INCOME,153,153.0,0,0.0
32,SIAgent3,FEMALE_OLD,1684,1684.0,2037,0.0
32,WFAgent0,YOUNG,1835,1835.0,1769,0.0
32,WFAgent1,HIGH_INCOME,1192,1192.0,0,0.0
32,SIAgent1,MALE_YOUNG_HIGH_INCOME,206,206.0,184,184.0
32,WFAgent2,FEMALE,3026,3026.0,0,0.0
32,SIAgent2,MALE_YOUNG_HIGH_INCOME,310,310.0,168,168.0
32,SIAgent0,MALE_HIGH_INCOME,530,530.0,1021,195.8260000000024
33,WEAgent1,MALE_OLD_LOW_INCOME,359,359.0,358,358.3579999999984
33,WEAgent2,MALE_OLD,1561,1561.0,1819,796.7959999999881
33,WEAgent0,MALE_HIGH_INCOME,530,530.0,0,0.0
33,WEAgent3,YOUNG,917,917.0,659,659.6589999999914
33,WEAgent4,MALE_YOUNG_LOW_INCOME,734,734.0,1524,398.39799999999747
33,SIAgent3,FEMALE_HIGH_INCOME,397,397.0,268,268.0
33,WFAgent0,MALE_OLD_HIGH_INCOME,484,484.0,388,388.3879999999977
33,WFAgent1,MALE_OLD_HIGH_INCOME,161,161.0,0,0.0
33,SIAgent1,FEMALE_OLD,1684,1684.0,2096,693.0
33,WFAgent2,MALE_HIGH_INCOME,265,265.0,250,250.25000000000082
33,SIAgent2,FEMALE,1008,1008.0,1008,1008.0
33,SIAgent0,FEMALE_YOUNG,1341,1341.0,1630,484.0
34,WEAgent1,HIGH_INCOME,1192,1192.0,0,0.0
34,WEAgent2,OLD,3246,3246.0,3678,2846.0
34,WEAgent0,MALE_LOW_INCOME,726,726.0,0,0.0
34,WEAgent3,FEMALE_LOW_INCOME,1752,1752.0,0,0.0
34,WEAgent4,FEMALE_YOUNG_HIGH_INCOME,102,102.0,102,102.0
34,SIAgent3,FEMALE_OLD,561,561.0,7,7.0
34,WFAgent0,LOW_INCOME,4807,4807.0,0,0.0
34,WFAgent1,FEMALE_LOW_INCOME,1752,1752.0,0,0.0
34,SIAgent1,FEMALE_HIGH_INCOME,132,132.0,91,91.0
34,WFAgent2,MALE_YOUNG,1411,1411.0,1780,0.0
34,SIAgent2,FEMALE_YOUNG_LOW_INCOME,1188,1188.0,2019,0.0
34,SIAgent0,FEMALE_YOUNG_HIGH_INCOME,102,102.0,79,79.0
35,WEAgent1,MALE_HIGH_INCOME,795,795.0,1126,178.17800000000048
35,WEAgent2,MALE_OLD_HIGH_INCOME,161,161.0,160,160.1600000000004
35,WEAgent0,FEMALE_YOUNG,447,447.0,0,0.0
35,WEAgent3,MALE_OLD_LOW_INCOME,359,359.0,358,358.3579999999984
35,WEAgent4,FEMALE_OLD_HIGH_INCOME,244,244.0,0,0.0
35,SIAgent3,YOUNG_LOW_INCOME,1526,1526.0,2964,753.0
35,WFAgent0,FEMALE_OLD,561,561.0,0,0.0
35,WFAgent1,MALE_YOUNG_LOW_INCOME,734,734.0,0,0.0
35,SIAgent1,FEMALE_OLD_LOW_INCOME,960,960.0,1516,949.5669999999866
35,WFAgent2,MALE_OLD_LOW_INCOME,359,359.0,1462,358.3579999999984
35,SIAgent2,FEMALE_LOW_INCOME,1752,1752.0,1752,1752.0
35,SIAgent0,FEMALE_OLD_HIGH_INCOME,81,81.0,399,0.0
36,WEAgent1,LOW_INCOME,4807,4807.0,3717,3717.8100000000886
36,WEAgent2,MALE_YOUNG_LOW_INCOME,1101,1101.0,0,0.0
36,WEAgent0,HIGH_INCOME,397,397.0,387,141.0
36,WEAgent3,MALE_OLD_LOW_INCOME,359,359.0,0,0.0
36,WEAgent4,MALE_YOUNG_LOW_INCOME,734,734.0,0,0.0
36,SIAgent3,MALE_OLD,520,520.0,439,439.0
36,WFAgent0,YOUNG_LOW_INCOME,1526,1526.0,814,814.8139999999877
36,WFAgent1,FEMALE_OLD,1684,1684.0,0,0.0
36,SIAgent1,YOUNG_LOW_INCOME,763,763.0,678,0.0
36,WFAgent2,MALE_YOUNG_LOW_INCOME,367,367.0,366,366.3659999999982
36,SIAgent2,MALE_YOUNG_HIGH_INCOME,310,310.0,428,0.0
36,SIAgent0,OLD,3246,3246.0,3171,431.0
37,WEAgent1,FEMALE_YOUNG,1341,1341.0,1341,1341.0
37,WEAgent2,FEMALE_YOUNG_LOW_INCOME,792,792.0,0,0.0
37,WEAgent0,MALE_OLD_LOW_INCOME,1077,1077.0,0,0.0
37,WEAgent3,OLD_LOW_INCOME,2517,2517.0,0,0.0
37,WEAgent4,MALE_YOUNG_HIGH_INCOME,103,103.0,0,0.0
37,SIAgent3,FEMALE_YOUNG_HIGH_INCOME,102,102.0,72,72.0
37,WFAgent0,LOW_INCOME,3204,3204.0,0,0.0
37,WFAgent1,FEMALE_YOUNG_HIGH_INCOME,153,153.0,0,0.0
37,SIAgent1,YOUNG,1835,1835.0,2940,182.0
37,WFAgent2,FEMALE_YOUNG_LOW_INCOME,792,792.0,0,0.0
37,SIAgent2,YOUNG_HIGH_INCOME,154,154.0,154,154.0
37,SIAgent0,FEMALE_YOUNG_HIGH_INCOME,153,153.0,80,80.0
38,WEAgent1,LOW_INCOME,4807,4807.0,4845,1178.7339999999656
38,WEAgent2,YOUNG_HIGH_INCOME,154,154.0,154,154.0
38,WEAgent0,FEMALE_YOUNG,447,447.0,0,0.0
38,WEAgent3,FEMALE_YOUNG_HIGH_INCOME,51,51.0,0,0.0
38,WEAgent4,MALE_YOUNG,1411,1411.0,0,0.0
38,SIAgent3,FEMALE_HIGH_INCOME,132,132.0,541,0.0
38,WFAgent0,OLD_LOW_INCOME,2517,2517.0,0,0.0
38,WFAgent1,FEMALE_YOUNG_LOW_INCOME,396,396.0,0,0.0
38,SIAgent1,FEMALE_OLD_LOW_INCOME,1440,1440.0,2332,0.0
38,WFAgent2,OLD_LOW_INCOME,1678,1678.0,0,0.0
38,SIAgent2,FEMALE_YOUNG_LOW_INCOME,792,792.0,857,0.0
38,SIAgent0,MALE_YOUNG_HIGH_INCOME,103,103.0,504,0.0
39,WEAgent1,MALE_OLD_LOW_INCOME,718,718.0,0,0.0
39,WEAgent2,FEMALE_OLD,1684,1684.0,1215,1216.2149999999783
39,WEAgent0,FEMALE_OLD_HIGH_INCOME,162,162.0,0,0.0
39,WEAgent3,MALE_OLD_LOW_INCOME,359,359.0,0,0.0
39,WEAgent4,MALE_OLD,1041,1041.0,0,0.0
39,SIAgent3,FEMALE,3026,3026.0,2447,220.25100000000074
39,WFAgent0,YOUNG_HIGH_INCOME,154,154.0,0,0.0
39,WFAgent1,OLD_LOW_INCOME,1678,1678.0,1230,1231.229999999978
39,SIAgent1,MALE_YOUNG,1411,1411.0,1136,887.0
39,WFAgent2,MALE_YOUNG_HIGH_INCOME,310,310.0,310,310.0
39,SIAgent2,OLD,2164,2164.0,1680,1402.0
39,SIAgent0,MALE,1982,1982.0,1982,1982.0
40,WEAgent1,OLD,3246,3246.0,3248,2406.0
40,WEAgent2,FEMALE_YOUNG_HIGH_INCOME,51,51.0,0,0.0
40,WEAgent0,FEMALE_OLD_HIGH_INCOME,81,81.0,0,0.0
40,WEAgent3,FEMALE_OLD_HIGH_INCOME,81,81.0,0,0.0
40,WEAgent4,FEMALE_YOUNG_HIGH_INCOME,102,102.0,0,0.0
40,SIAgent3,MALE_LOW_INCOME,2178,2178.0,1131,780.0
40,WFAgent0,YOUNG,1835,1835.0,1984,0.0
40,WFAgent1,FEMALE_YOUNG_HIGH_INCOME,51,51.0,266,0.0
40,SIAgent1,FEMALE_OLD,561,561.0,561,561.0
40,WFAgent2,MALE,2973,2973.0,0,0.0
40,SIAgent2,MALE_YOUNG_LOW_INCOME,734,734.0,734,734.0
40,SIAgent0,FEMALE_OLD,561,561.0,1547,509.0
41,WEAgent1,MALE_OLD_LOW_INCOME,1077,1077.0,0,0.0
41,WEAgent2,LOW_INCOME,4807,4807.0,4782,2978.730999999985
41,WEAgent0,MALE,991,991.0,1350,517.8329999999906
41,WEAgent3,YOUNG,917,917.0,914,914.6609999999897
41,WEAgent4,MALE_OLD_LOW_INCOME,1077,1077.0,0,0.0
41,SIAgent3,YOUNG_LOW_INCOME,763,763.0,69,69.0
41,WFAgent0,MALE_YOUNG_HIGH_INCOME,310,310.0,0,0.0
41,WFAgent1,FEMALE_OLD_LOW_INCOME,480,480.0,0,0.0
41,SIAgent1,YOUNG,917,917.0,67,67.0
41,WFAgent2,MALE_OLD_HIGH_INCOME,161,161.0,0,0.0
41,SIAgent2,FEMALE_YOUNG_HIGH_INCOME,102,102.0,0,0.0
41,SIAgent0,FEMALE_OLD_LOW_INCOME,1440,1440.0,2377,2.3769999999998492
42,WEAgent1,MALE_OLD_LOW_INCOME,1077,1077.0,1795,1.794999999999913
42,WEAgent2,FEMALE_YOUNG_HIGH_INCOME,51,51.0,0,0.0
42,WEAgent0,YOUNG_LOW_INCOME,2289,2289.0,1404,1405.4039999999738
42,WEAgent3,MALE_LOW_INCOME,2178,2178.0,0,0.0
42,WEAgent4,YOUNG_LOW_INCOME,2289,2289.0,1378,1379.3659999999747
42,SIAgent3,FEMALE_YOUNG_LOW_INCOME,396,396.0,1054,0.0
42,WFAgent0,MALE_OLD,1041,1041.0,0,0.0
42,WFAgent1,FEMALE_OLD_HIGH_INCOME,244,244.0,0,0.0
42,SIAgent1,MALE_YOUNG,1411,1411.0,247,247.0
42,WFAgent2,FEMALE_HIGH_INCOME,397,397.0,397,397.0
42,SIAgent2,OLD_HIGH_INCOME,729,729.0,1055,1.0549999999999946
42,SIAgent0,YOUNG_HIGH_INCOME,309,309.0,308,259.0
43,WEAgent1,MALE_OLD,520,520.0,0,0.0
43,WEAgent2,MALE_OLD_HIGH_INCOME,484,484.0,0,0.0
43,WEAgent0,FEMALE_OLD,561,561.0,561,561.0
43,WEAgent3,FEMALE_YOUNG_HIGH_INCOME,51,51.0,0,0.0
43,WEAgent4,FEMALE_YOUNG,447,447.0,399,250.05900000000025
43,SIAgent3,LOW_INCOME,1602,1602.0,1602,1602.0
43,WFAgent0,MALE_YOUNG,941,941.0,941,941.0
43,WFAgent1,FEMALE_YOUNG_HIGH_INCOME,51,51.0,50,50.04999999999997
43,SIAgent1,OLD,3246,3246.0,3635,1184.0
43,WFAgent2,MALE_YOUNG_HIGH_INCOME,310,310.0,523,0.0
43,SIAgent2,FEMALE_OLD_HIGH_INCOME,244,244.0,226,226.0
43,SIAgent0,YOUNG_LOW_INCOME,763,763.0,2063,628.0
44,WEAgent1,FEMALE,1008,1008.0,2401,384.40099999997017
44,WEAgent2,HIGH_INCOME,1192,1192.0,989,989.2159999999966
44,WEAgent0,FEMALE_OLD_LOW_INCOME,1440,1440.0,1016,1017.0159999999829
44,WEAgent3,OLD_HIGH_INCOME,243,243.0,0,0.0
44,WEAgent4,MALE_OLD_LOW_INCOME,359,359.0,1766,0.0
44,SIAgent3,MALE_YOUNG_LOW_INCOME,1101,1101.0,1333,0.0
44,WFAgent0,YOUNG_HIGH_INCOME,463,463.0,453,453.2059999999985
44,WFAgent1,FEMALE,2017,2017.0,997,997.9969999999834
44,SIAgent1,HIGH_INCOME,397,397.0,222,222.0
44,WFAgent2,MALE_YOUNG,470,470.0,470,470.0
44,SIAgent2,OLD_HIGH_INCOME,729,729.0,214,214.0
44,SIAgent0,FEMALE_HIGH_INCOME,265,265.0,139,139.0
45,WEAgent1,OLD_HIGH_INCOME,729,729.0,704,704.0
45,WEAgent2,YOUNG,2753,2753.0,2709,2588.0
45,WEAgent0,MALE_YOUNG_LOW_INCOME,734,734.0,0,0.0
45,WEAgent3,MALE_HIGH_INCOME,530,530.0,0,0.0
45,WEAgent4,FEMALE_YOUNG_HIGH_INCOME,153,153.0,0,0.0
45,SIAgent3,OLD_HIGH_INCOME,729,729.0,203,203.0
45,WFAgent0,FEMALE_YOUNG_HIGH_INCOME,153,153.0,0,0.0
45,WFAgent1,MALE_HIGH_INCOME,530,530.0,0,0.0
45,SIAgent1,MALE,1982,1982.0,2174,1946.2279999999946
45,WFAgent2,MALE_YOUNG_LOW_INCOME,1101,1101.0,0,0.0
45,SIAgent2,LOW_INCOME,3204,3204.0,3900,1482.0
45,SIAgent0,YOUNG_HIGH_INCOME,154,154.0,310,153.15700000000038
46,WEAgent1,MALE_YOUNG,1411,1411.0,0,0.0
46,WEAgent2,YOUNG_LOW_INCOME,1526,1526.0,0,0.0
46,WEAgent0,YOUNG_HIGH_INCOME,309,309.0,305,305.0
46,WEAgent3,FEMALE_YOUNG_LOW_INCOME,1188,1188.0,0,0.0
46,WEAgent4,LOW_INCOME,3204,3204.0,3204,3204.0
46,SIAgent3,MALE_YOUNG_LOW_INCOME,734,734.0,13,13.0
46,WFAgent0,FEMALE_YOUNG_HIGH_INCOME,51,51.0,0,0.0
46,WFAgent1,OLD,3246,3246.0,2425,2033.0
46,SIAgent1,MALE,2973,2973.0,2191,918.2739999999792
46,WFAgent2,MALE_YOUNG_HIGH_INCOME,206,206.0,0,0.0
46,SIAgent2,FEMALE_YOUNG,447,447.0,327,327.0
46,SIAgent0,LOW_INCOME,1602,1602.0,1535,1212.0
47,WEAgent1,OLD,2164,2164.0,2161,1327.8049999999864
47,WEAgent2,FEMALE,2017,2017.0,2016,2016.7299999999855
47,WEAgent0,MALE_OLD_HIGH_INCOME,161,161.0,0,0.0
47,WEAgent3,OLD,1082,1082.0,0,0.0
47,WEAgent4,OLD,1082,1082.0,0,0.0
47,SIAgent3,YOUNG_LOW_INCOME,1526,1526.0,1230,1230.0
47,WFAgent0,FEMALE_OLD_LOW_INCOME,480,480.0,0,0.0
47,WFAgent1,YOUNG_HIGH_INCOME,463,463.0,358,358.15099999999785
47,SIAgent1,YOUNG,2753,2753.0,1528,1242.0
47,WFAgent2,YOUNG_HIGH_INCOME,154,154.0,127,127.12700000000024
47,SIAgent2,OLD_LOW_INCOME,2517,2517.0,2580,0.0
47,SIAgent0,FEMALE_OLD_HIGH_INCOME,244,244.0,0,0.0
48,WEAgent1,FEMALE_OLD,561,561.0,0,0.0
48,WEAgent2,HIGH_INCOME,1192,1192.0,1986,517.0
48,WEAgent0,MALE_YOUNG_HIGH_INCOME,206,206.0,0,0.0
48,WEAgent3,MALE_YOUNG_HIGH_INCOME,310,310.0,0,0.0
48,WEAgent4,FEMALE_OLD,1123,1123.0,1122,1122.5589999999938
48,SIAgent3,MALE_LOW_INCOME,726,726.0,2577,708.8699999999791
48,WFAgent0,MALE_YOUNG_LOW_INCOME,734,734.0,0,0.0
48,WFAgent1,FEMALE_OLD,561,561.0,560,560.5599999999937
48,SIAgent1,OLD_LOW_INCOME,839,839.0,1427,704.0
48,WFAgent2,FEMALE_YOUNG,447,447.0,1966,0.0
48,SIAgent2,MALE_OLD_LOW_INCOME,359,359.0,359,359.0
48,SIAgent0,MALE_YOUNG_HIGH_INCOME,103,103.0,3,0.0
49,WEAgent1,MALE_YOUNG_LOW_INCOME,734,734.0,0,0.0
49,WEAgent2,FEMALE_OLD,1684,1684.0,0,0.0
49,WEAgent0,FEMALE_YOUNG_LOW_INCOME,1188,1188.0,0,0.0
49,WEAgent3,MALE_OLD_LOW_INCOME,718,718.0,0,0.0
49,WEAgent4,LOW_INCOME,4807,4807.0,3749,1774.7729999999651
49,SIAgent3,MALE_OLD_HIGH_INCOME,484,484.0,160,160.0
49,WFAgent0,OLD_HIGH_INCOME,729,729.0,704,704.0
49,WFAgent1,MALE,991,991.0,0,0.0
49,SIAgent1,MALE,991,991.0,1875,828.6554208011289
49,WFAgent2,OLD,3246,3246.0,2429,0.0
49,SIAgent2,MALE_YOUNG_LOW_INCOME,367,367.0,367,367.0
49,SIAgent0,HIGH_INCOME,1192,1192.0,716,472.0
50,WEAgent1,FEMALE_OLD_LOW_INCOME,480,480.0,479,479.47899999999555
50,WEAgent2,OLD_HIGH_INCOME,243,243.0,262,111.11100000000016
50,WEAgent0,FEMALE_YOUNG_LOW_INCOME,396,396.0,396,396.0
50,WEAgent3,HIGH_INCOME,397,397.0,410,140.1400000000003
50,WEAgent4,FEMALE_OLD_LOW_INCOME,960,960.0,959,959.4379999999965
50,SIAgent3,LOW_INCOME,4807,4807.0,3245,1703.0
50,WFAgent0,MALE_OLD_LOW_INCOME,359,359.0,358,358.332999999999
50,WFAgent1,MALE_YOUNG_HIGH_INCOME,103,103.0,520,0.0
50,SIAgent1,MALE_OLD_LOW_INCOME,718,718.0,263,263.0
50,WFAgent2,MALE_OLD_LOW_INCOME,359,359.0,358,358.3579999999984
50,SIAgent2,OLD_LOW_INCOME,2517,2517.0,761,761.0
50,SIAgent0,MALE_LOW_INCOME,1452,1452.0,1169,1169.0
51,WEAgent1,FEMALE_YOUNG_LOW_INCOME,1188,1188.0,936,936.9359999999848
51,WEAgent2,FEMALE_OLD_LOW_INCOME,480,480.0,479,479.47899999999555
51,WEAgent0,FEMALE_OLD,1684,1684.0,2290,540.5399999999942
51,WEAgent3,FEMALE_YOUNG_LOW_INCOME,1188,1188.0,1011,1012.010999999983
51,WEAgent4,HIGH_INCOME,795,795.0,0,0.0
51,SIAgent3,MALE,1982,1982.0,1982,1982.0
51,WFAgent0,MALE_YOUNG,1411,1411.0,0,0.0
51,WFAgent1,MALE_HIGH_INCOME,530,530.0,530,530.0
51,SIAgent1,YOUNG,917,917.0,1281,843.0
51,WFAgent2,MALE,1982,1982.0,0,0.0
51,SIAgent2,MALE_OLD_HIGH_INCOME,484,484.0,266,266.0
51,SIAgent0,MALE_OLD,1561,1561.0,1225,1091.0
52,WEAgent1,MALE_OLD_HIGH_INCOME,323,323.0,322,322.017
52,WEAgent2,OLD_LOW_INCOME,1678,1678.0,0,0.0
52,WEAgent0,MALE_YOUNG_HIGH_INCOME,103,103.0,0,0.0
52,WEAgent3,OLD_LOW_INCOME,2517,2517.0,2517,2517.0
52,WEAgent4,YOUNG_LOW_INCOME,2289,2289.0,2280,2280.0
52,SIAgent3,FEMALE_OLD,1684,1684.0,1993,0.0
52,WFAgent0,MALE_YOUNG_LOW_INCOME,1101,1101.0,0,0.0
52,WFAgent1,MALE,991,991.0,0,0.0
52,SIAgent1,YOUNG_LOW_INCOME,763,763.0,1585,0.0
52,WFAgent2,MALE_HIGH_INCOME,530,530.0,519,13.012999999999995
52,SIAgent2,MALE_LOW_INCOME,726,726.0,12,12.0
52,SIAgent0,MALE_OLD,520,520.0,497,7.0
53,WEAgent1,FEMALE_HIGH_INCOME,265,265.0,0,0.0
53,WEAgent2,MALE_LOW_INCOME,1452,1452.0,1445,1445.3549999999984
53,WEAgent0,MALE_OLD,520,520.0,519,519.3419999999956
53,WEAgent3,YOUNG_LOW_INCOME,2289,2289.0,0,0.0
53,WEAgent4,YOUNG_HIGH_INCOME,154,154.0,0,0.0
53,SIAgent3,YOUNG,2753,2753.0,3477,1184.0
53,WFAgent0,FEMALE_LOW_INCOME,2628,2628.0,0,0.0
53,WFAgent1,MALE_YOUNG,1411,1411.0,0,0.0
53,SIAgent1,MALE_OLD,520,520.0,592,0.0
53,WFAgent2,FEMALE,3026,3026.0,0,0.0
53,SIAgent2,FEMALE_OLD_LOW_INCOME,1440,1440.0,2415,0.0
53,SIAgent0,MALE_YOUNG,1411,1411.0,1164,1164.0
54,WEAgent1,MALE,1982,1982.0,2003,1465.7909999999838
54,WEAgent2,LOW_INCOME,1602,1602.0,1601,1601.8089999999827
54,WEAgent0,OLD_HIGH_INCOME,729,729.0,0,0.0
54,WEAgent3,MALE,991,991.0,0,0.0
54,WEAgent4,MALE_OLD_HIGH_INCOME,323,323.0,0,0.0
54,SIAgent3,FEMALE,3026,3026.0,2358,1941.0
54,WFAgent0,OLD_HIGH_INCOME,486,486.0,835,0.0
54,WFAgent1,FEMALE_YOUNG_HIGH_INCOME,51,51.0,51,51.0
54,SIAgent1,FEMALE_YOUNG_HIGH_INCOME,102,102.0,98,98.0
54,WFAgent2,OLD,2164,2164.0,0,0.0
54,SIAgent2,YOUNG_LOW_INCOME,1526,1526.0,974,969.0
54,SIAgent0,OLD_LOW_INCOME,839,839.0,2080,788.0
55,WEAgent1,MALE_YOUNG_HIGH_INCOME,103,103.0,0,0.0
55,WEAgent2,MALE_OLD_HIGH_INCOME,323,323.0,0,0.0
55,WEAgent0,MALE_OLD_LOW_INCOME,1077,1077.0,0,0.0
55,WEAgent3,MALE_LOW_INCOME,726,726.0,0,0.0
55,WEAgent4,MALE_OLD,520,520.0,0,0.0
55,SIAgent3,OLD_LOW_INCOME,2517,2517.0,700,669.0
55,WFAgent0,OLD_LOW_INCOME,2517,2517.0,2517,2517.0
55,WFAgent1,MALE_LOW_INCOME,1452,1452.0,1452,1452.0
55,SIAgent1,MALE_OLD,520,520.0,520,520.0
55,WFAgent2,MALE_HIGH_INCOME,795,795.0,795,795.0
55,SIAgent2,YOUNG,917,917.0,2447,227.0
55,SIAgent0,MALE,2973,2973.0,1174,960.0
56,WEAgent1,LOW_INCOME,1602,1602.0,2286,35.035000000000004
56,WEAgent2,MALE_LOW_INCOME,1452,1452.0,0,0.0
56,WEAgent0,OLD_LOW_INCOME,2517,2517.0,0,0.0
56,WEAgent3,HIGH_INCOME,795,795.0,792,278.0
56,WEAgent4,FEMALE_YOUNG,1341,1341.0,0,0.0
56,SIAgent3,MALE_YOUNG_LOW_INCOME,734,734.0,1856,0.0
56,WFAgent0,FEMALE,2017,2017.0,1996,37.037
56,WFAgent1,LOW_INCOME,4807,4807.0,0,0.0
56,SIAgent1,OLD_HIGH_INCOME,729,729.0,489,368.0
56,WFAgent2,MALE_OLD,1561,1561.0,1845,0.0
56,SIAgent2,OLD_HIGH_INCOME,243,243.0,243,243.0
56,SIAgent0,MALE_OLD_HIGH_INCOME,484,484.0,227,227.0
57,WEAgent1,MALE_HIGH_INCOME,795,795.0,0,0.0
57,WEAgent2,MALE_OLD_LOW_INCOME,718,718.0,0,0.0
57,WEAgent0,FEMALE_OLD,1123,1123.0,0,0.0
57,WEAgent3,FEMALE_OLD_LOW_INCOME,960,960.0,0,0.0
57,WEAgent4,MALE_OLD_LOW_INCOME,718,718.0,0,0.0
57,SIAgent3,FEMALE,1008,1008.0,547,537.0
57,WFAgent0,LOW_INCOME,4807,4807.0,4012,2220.5699999999697
57,WFAgent1,FEMALE_YOUNG_LOW_INCOME,792,792.0,791,791.7909999999882
57,SIAgent1,HIGH_INCOME,795,795.0,879,795.0
57,WFAgent2,OLD_LOW_INCOME,839,839.0,838,838.8379999999871
57,SIAgent2,OLD,3246,3246.0,2710,847.0
57,SIAgent0,MALE_YOUNG_HIGH_INCOME,206,206.0,206,206.0
58,WEAgent1,FEMALE_YOUNG_LOW_INCOME,396,396.0,1949,0.0
58,WEAgent2,FEMALE_OLD,1684,1684.0,2342,0.0
58,WEAgent0,FEMALE_YOUNG_HIGH_INCOME,51,51.0,50,50.04999999999997
58,WEAgent3,YOUNG_LOW_INCOME,1526,1526.0,1854,0.0
58,WEAgent4,MALE_OLD_HIGH_INCOME,323,323.0,0,0.0
58,SIAgent3,FEMALE_HIGH_INCOME,265,265.0,302,160.09600000000046
58,WFAgent0,MALE,2973,2973.0,0,0.0
58,WFAgent1,MALE_HIGH_INCOME,795,795.0,795,795.0
58,SIAgent1,MALE_YOUNG_HIGH_INCOME,206,206.0,203,0.0
58,WFAgent2,FEMALE_YOUNG_HIGH_INCOME,153,153.0,152,152.04199999999997
58,SIAgent2,OLD_HIGH_INCOME,243,243.0,243,243.0
58,SIAgent0,MALE_OLD_HIGH_INCOME,323,323.0,248,79.0
59,WEAgent1,FEMALE_OLD,1123,1123.0,0,0.0
59,WEAgent2,FEMALE,2017,2017.0,1994,1354.640999999992
59,WEAgent0,FEMALE_LOW_INCOME,2628,2628.0,2627,2627.6479999999874
59,WEAgent3,MALE_OLD_LOW_INCOME,718,718.0,0,0.0
59,WEAgent4,MALE_YOUNG,941,941.0,931,931.5069999999901
59,SIAgent3,MALE_OLD_HIGH_INCOME,484,484.0,408,0.0
59,WFAgent0,OLD_HIGH_INCOME,486,486.0,0,0.0
59,WFAgent1,MALE_YOUNG,470,470.0,0,0.0
59,SIAgent1,MALE_LOW_INCOME,1452,1452.0,3189,0.0
59,WFAgent2,MALE_HIGH_INCOME,795,795.0,364,364.0
59,SIAgent2,FEMALE_LOW_INCOME,1752,1752.0,487,0.0
59,SIAgent0,MALE_YOUNG_HIGH_INCOME,310,310.0,0,0.0
60,WEAgent1,FEMALE_YOUNG_LOW_INCOME,792,792.0,791,791.7909999999882
60,WEAgent2,OLD_HIGH_INCOME,243,243.0,242,242.2420000000008
60,WEAgent0,LOW_INCOME,4807,4807.0,4835,819.8189999999876
60,WEAgent3,YOUNG,1835,1835.0,0,0.0
60,WEAgent4,LOW_INCOME,1602,1602.0,0,0.0
60,SIAgent3,FEMALE_OLD,561,561.0,742,0.0
60,WFAgent0,OLD_LOW_INCOME,1678,1678.0,1678,1678.0
60,WFAgent1,HIGH_INCOME,1192,1192.0,1191,1191.2489999999964
60,SIAgent1,MALE_OLD_HIGH_INCOME,484,484.0,98,0.0
60,WFAgent2,MALE_YOUNG_LOW_INCOME,734,734.0,0,0.0
60,SIAgent2,YOUNG_HIGH_INCOME,463,463.0,269,188.0
60,SIAgent0,YOUNG_HIGH_INCOME,154,154.0,154,154.0
61,WEAgent1,FEMALE_OLD_LOW_INCOME,960,960.0,0,0.0
61,WEAgent2,MALE_OLD_HIGH_INCOME,161,161.0,0,0.0
61,WEAgent0,MALE_OLD_HIGH_INCOME,323,323.0,323,323.0
61,WEAgent3,FEMALE,3026,3026.0,2991,639.3929999999916
61,WEAgent4,LOW_INCOME,3204,3204.0,3204,3204.0
61,SIAgent3,MALE,991,991.0,1197,234.00400000000002
61,WFAgent0,MALE_LOW_INCOME,1452,1452.0,0,0.0
61,WFAgent1,OLD_LOW_INCOME,1678,1678.0,0,0.0
61,SIAgent1,MALE_OLD_HIGH_INCOME,323,323.0,243,243.0
61,WFAgent2,FEMALE_OLD_HIGH_INCOME,81,81.0,0,0.0
61,SIAgent2,FEMALE_YOUNG_HIGH_INCOME,51,51.0,9,0.0
61,SIAgent0,FEMALE_OLD_LOW_INCOME,480,480.0,2033,2.032999999999887
62,WEAgent1,FEMALE_YOUNG_HIGH_INCOME,102,102.0,101,101.10100000000011
62,WEAgent2,MALE,991,991.0,981,473.33999999999605
62,WEAgent0,FEMALE_OLD_HIGH_INCOME,244,244.0,0,0.0
62,WEAgent3,FEMALE_HIGH_INCOME,132,132.0,145,126.12600000000023
62,WEAgent4,OLD_LOW_INCOME,2517,2517.0,2516,2516.636999999989
62,SIAgent3,FEMALE_YOUNG_LOW_INCOME,792,792.0,0,0.0
62,WFAgent0,YOUNG_LOW_INCOME,1526,1526.0,1499,302.30199999999974
62,WFAgent1,FEMALE_LOW_INCOME,2628,2628.0,1673,1674.6729999999675
62,SIAgent1,FEMALE_YOUNG_LOW_INCOME,792,792.0,0,0.0
62,WFAgent2,FEMALE_YOUNG,1341,1341.0,997,997.9969999999834
62,SIAgent2,OLD,1082,1082.0,1577,490.0
62,SIAgent0,MALE_OLD_LOW_INCOME,1077,1077.0,511,511.0
63,WEAgent1,FEMALE_OLD_HIGH_INCOME,162,162.0,162,162.0
63,WEAgent2,FEMALE_YOUNG_HIGH_INCOME,51,51.0,0,0.0
63,WEAgent0,MALE_HIGH_INCOME,530,530.0,0,0.0
63,WEAgent3,YOUNG_LOW_INCOME,763,763.0,763,763.0
63,WEAgent4,MALE_OLD,1561,1561.0,1561,1561.0
63,SIAgent3,MALE_YOUNG,941,941.0,922,604.0
63,WFAgent0,FEMALE_YOUNG,447,447.0,1990,0.0
63,WFAgent1,MALE_OLD_LOW_INCOME,1077,1077.0,0,0.0
63,SIAgent1,MALE_OLD_LOW_INCOME,1077,1077.0,1005,0.0
63,WFAgent2,MALE_OLD,1561,1561.0,0,0.0
63,SIAgent2,HIGH_INCOME,795,795.0,857,277.0
63,SIAgent0,MALE_YOUNG_LOW_INCOME,367,367.0,367,367.0
64,WEAgent1,MALE_OLD,1041,1041.0,1041,1041.0
64,WEAgent2,OLD_HIGH_INCOME,729,729.0,0,0.0
64,WEAgent0,YOUNG_LOW_INCOME,2289,2289.0,2200,453.45299999999617
64,WEAgent3,FEMALE_YOUNG_LOW_INCOME,792,792.0,0,0.0
64,WEAgent4,YOUNG_LOW_INCOME,1526,1526.0,1224,472.22399999997793
64,SIAgent3,MALE_OLD,1561,1561.0,1497,0.0
64,WFAgent0,FEMALE_YOUNG_LOW_INCOME,396,396.0,395,395.39499999999754
64,WFAgent1,FEMALE_YOUNG_LOW_INCOME,792,792.0,0,0.0
64,SIAgent1,FEMALE_OLD_HIGH_INCOME,244,244.0,397,0.0
64,WFAgent2,FEMALE_HIGH_INCOME,132,132.0,0,0.0
64,SIAgent2,YOUNG_HIGH_INCOME,463,463.0,660,88.0
64,SIAgent0,MALE_YOUNG_HIGH_INCOME,103,103.0,103,103.0
65,WEAgent1,FEMALE_YOUNG_HIGH_INCOME,102,102.0,0,0.0
65,WEAgent2,LOW_INCOME,1602,1602.0,2062,218.21800000000067
65,WEAgent0,YOUNG_HIGH_INCOME,463,463.0,503,0.0
65,WEAgent3,MALE_YOUNG,1411,1411.0,0,0.0
65,WEAgent4,FEMALE_YOUNG,447,447.0,0,0.0
65,SIAgent3,MALE_OLD_HIGH_INCOME,161,161.0,161,161.0
65,WFAgent0,FEMALE,2017,2017.0,1775,231.19400000000078
65,WFAgent1,MALE,2973,2973.0,0,0.0
65,SIAgent1,FEMALE_HIGH_INCOME,132,132.0,286,132.0
65,WFAgent2,MALE_OLD_LOW_INCOME,1077,1077.0,0,0.0
65,SIAgent2,OLD,3246,3246.0,3120,2420.0
65,SIAgent0,OLD_LOW_INCOME,2517,2517.0,1997,1997.0
66,WEAgent1,MALE_YOUNG_HIGH_INCOME,206,206.0,0,0.0
66,WEAgent2,MALE_LOW_INCOME,2178,2178.0,1285,1286.2849999999767
66,WEAgent0,YOUNG,1835,1835.0,1834,1834.3489999999956
66,WEAgent3,FEMALE_OLD_HIGH_INCOME,81,81.0,0,0.0
66,WEAgent4,MALE_YOUNG_HIGH_INCOME,310,310.0,0,0.0
66,SIAgent3,MALE_OLD_LOW_INCOME,1077,1077.0,0,0.0
66,WFAgent0,FEMALE_YOUNG_LOW_INCOME,396,396.0,396,396.0
66,WFAgent1,MALE_OLD,1561,1561.0,889,889.8889999999859
66,SIAgent1,YOUNG,917,917.0,1130,797.0
66,WFAgent2,HIGH_INCOME,795,795.0,0,0.0
66,SIAgent2,FEMALE_YOUNG,1341,1341.0,806,806.0
66,SIAgent0,HIGH_INCOME,795,795.0,1239,3.8280000000000003
67,WEAgent1,FEMALE_YOUNG_HIGH_INCOME,102,102.0,0,0.0
67,WEAgent2,FEMALE_HIGH_INCOME,265,265.0,274,9.0
67,WEAgent0,OLD_LOW_INCOME,839,839.0,2031,313.0
67,WEAgent3,FEMALE,1008,1008.0,0,0.0
67,WEAgent4,FEMALE_YOUNG,1341,1341.0,0,0.0
67,SIAgent3,FEMALE_OLD,561,561.0,561,561.0
67,WFAgent0,FEMALE_HIGH_INCOME,132,132.0,0,0.0
67,WFAgent1,YOUNG_LOW_INCOME,763,763.0,1798,0.0
67,SIAgent1,FEMALE_LOW_INCOME,876,876.0,2876,846.0
67,WFAgent2,FEMALE_LOW_INCOME,2628,2628.0,0,0.0
67,SIAgent2,FEMALE_OLD_LOW_INCOME,1440,1440.0,899,899.0
67,SIAgent0,FEMALE_OLD_HIGH_INCOME,162,162.0,245,111.0
68,WEAgent1,FEMALE_OLD,561,561.0,561,561.0
68,WEAgent2,FEMALE_OLD_HIGH_INCOME,244,244.0,0,0.0
68,WEAgent0,OLD_HIGH_INCOME,729,729.0,677,478.4779999999956
68,WEAgent3,OLD_HIGH_INCOME,729,729.0,514,514.5139999999948
68,WEAgent4,YOUNG_LOW_INCOME,2289,2289.0,0,0.0
68,SIAgent3,LOW_INCOME,4807,4807.0,4651,625.0
68,WFAgent0,YOUNG,1835,1835.0,890,890.8899999999859
68,WFAgent1,YOUNG,1835,1835.0,0,0.0
68,SIAgent1,FEMALE_OLD_HIGH_INCOME,244,244.0,0,0.0
68,WFAgent2,YOUNG_LOW_INCOME,2289,2289.0,1343,1343.889999999981
68,SIAgent2,YOUNG,917,917.0,917,917.0
68,SIAgent0,YOUNG_HIGH_INCOME,463,463.0,447,361.0
69,WEAgent1,MALE_YOUNG,470,470.0,0,0.0
69,WEAgent2,LOW_INCOME,4807,4807.0,4707,4305.773000000057
69,WEAgent0,YOUNG_LOW_INCOME,763,763.0,762,762.7619999999889
69,WEAgent3,FEMALE_YOUNG_LOW_INCOME,396,396.0,0,0.0
69,WEAgent4,MALE_LOW_INCOME,726,726.0,0,0.0
69,SIAgent3,MALE,2973,2973.0,1000,201.79900000000248
69,WFAgent0,FEMALE_HIGH_INCOME,132,132.0,424,0.0
69,WFAgent1,YOUNG_HIGH_INCOME,463,463.0,255,0.0
69,SIAgent1,MALE_YOUNG,941,941.0,164,164.0
69,WFAgent2,MALE_HIGH_INCOME,795,795.0,0,0.0
69,SIAgent2,MALE_OLD_LOW_INCOME,718,718.0,38,38.0
69,SIAgent0,MALE_YOUNG,941,941.0,185,185.0
70,WEAgent1,FEMALE_YOUNG,894,894.0,0,0.0
70,WEAgent2,MALE_YOUNG_LOW_INCOME,1101,1101.0,0,0.0
70,WEAgent0,FEMALE_OLD_LOW_INCOME,1440,1440.0,0,0.0
70,WEAgent3,MALE_HIGH_INCOME,795,795.0,1297,0.0
70,WEAgent4,FEMALE,3026,3026.0,2990,2990.0
70,SIAgent3,FEMALE_HIGH_INCOME,132,132.0,26,0.0
70,WFAgent0,FEMALE_YOUNG_LOW_INCOME,1188,1188.0,0,0.0
70,WFAgent1,MALE_YOUNG,1411,1411.0,1819,1.8189999999999105
70,SIAgent1,FEMALE_LOW_INCOME,876,876.0,876,876.0
70,WFAgent2,MALE_LOW_INCOME,1452,1452.0,0,0.0
70,SIAgent2,OLD_LOW_INCOME,2517,2517.0,2992,902.8249999999731
70,SIAgent0,FEMALE_YOUNG_LOW_INCOME,396,396.0,0,0.0
71,WEAgent1,FEMALE_LOW_INCOME,876,876.0,2882,427.4269999999968
71,WEAgent2,HIGH_INCOME,397,397.0,0,0.0
71,WEAgent0,MALE_YOUNG,1411,1411.0,0,0.0
71,WEAgent3,FEMALE_YOUNG_HIGH_INCOME,102,102.0,0,0.0
71,WEAgent4,FEMALE_YOUNG_LOW_INCOME,1188,1188.0,0,0.0
71,SIAgent3,YOUNG,2753,2753.0,334,334.0
71,WFAgent0,HIGH_INCOME,1192,1192.0,0,0.0
71,WFAgent1,MALE_OLD_LOW_INCOME,359,359.0,1718,0.0
71,SIAgent1,MALE_YOUNG_HIGH_INCOME,310,310.0,128,128.0
71,WFAgent2,LOW_INCOME,3204,3204.0,3203,3203.362999999994
71,SIAgent2,YOUNG,1835,1835.0,335,335.0
71,SIAgent0,HIGH_INCOME,1192,1192.0,1400,199.0
72,WEAgent1,FEMALE_YOUNG,1341,1341.0,849,595.8489999999894
72,WEAgent2,MALE_YOUNG,1411,1411.0,0,0.0
72,WEAgent0,FEMALE_LOW_INCOME,876,876.0,651,651.6509999999915
72,WEAgent3,MALE_OLD_LOW_INCOME,359,359.0,0,0.0
72,WEAgent4,LOW_INCOME,3204,3204.0,2269,2269.859000000023
72,SIAgent3,MALE_OLD_HIGH_INCOME,484,484.0,257,257.0
72,WFAgent0,FEMALE_YOUNG,1341,1341.0,683,683.6829999999908
72,WFAgent1,MALE_OLD_LOW_INCOME,1077,1077.0,935,935.9349999999848
72,SIAgent1,OLD_LOW_INCOME,2517,2517.0,2495,0.0
72,WFAgent2,MALE_OLD_HIGH_INCOME,323,323.0,0,0.0
72,SIAgent2,MALE,991,991.0,671,671.0
72,SIAgent0,MALE,991,991.0,763,763.0
73,WEAgent1,OLD_HIGH_INCOME,486,486.0,0,0.0
73,WEAgent2,LOW_INCOME,3204,3204.0,1709,1710.7089999999666
73,WEAgent0,FEMALE,3026,3026.0,3021,383.3829999999978
73,WEAgent3,FEMALE_HIGH_INCOME,132,132.0,0,0.0
73,WEAgent4,OLD_LOW_INCOME,839,839.0,1949,372.3719999999981
73,SIAgent3,MALE_OLD_LOW_INCOME,718,718.0,0,0.0
73,WFAgent0,MALE_LOW_INCOME,2178,2178.0,1356,1357.355999999975
73,WFAgent1,MALE_OLD_LOW_INCOME,1077,1077.0,702,702.7019999999903
73,SIAgent1,MALE_YOUNG,941,941.0,392,141.2510000000012
73,WFAgent2,MALE_HIGH_INCOME,795,795.0,768,0.0
73,SIAgent2,MALE_YOUNG_HIGH_INCOME,103,103.0,103,103.0
73,SIAgent0,MALE_OLD_LOW_INCOME,718,718.0,0,0.0
74,WEAgent1,FEMALE_YOUNG_HIGH_INCOME,51,51.0,0,0.0
74,WEAgent2,MALE_YOUNG,1411,1411.0,1416,894.0
74,WEAgent0,MALE_OLD_LOW_INCOME,718,718.0,0,0.0
74,WEAgent3,FEMALE,3026,3026.0,2999,2999.0
74,WEAgent4,MALE_OLD_LOW_INCOME,1077,1077.0,0,0.0
74,SIAgent3,FEMALE_YOUNG_LOW_INCOME,1188,1188.0,0,0.0
74,WFAgent0,OLD_HIGH_INCOME,729,729.0,524,524.5209999999946
74,WFAgent1,OLD_HIGH_INCOME,729,729.0,513,513.5129999999948
74,SIAgent1,LOW_INCOME,1602,1602.0,3498,886.0
74,WFAgent2,OLD,3246,3246.0,0,0.0
74,SIAgent2,FEMALE_YOUNG_HIGH_INCOME,102,102.0,0,0.0
74,SIAgent0,MALE_OLD,1041,1041.0,1050,908.0
75,WEAgent1,MALE_YOUNG_LOW_INCOME,1101,1101.0,0,0.0
75,WEAgent2,FEMALE_YOUNG,1341,1341.0,1341,1341.0
75,WEAgent0,FEMALE_OLD_HIGH_INCOME,162,162.0,0,0.0
75,WEAgent3,YOUNG_HIGH_INCOME,154,154.0,0,0.0
75,WEAgent4,FEMALE_OLD,1123,1123.0,1123,1123.0
75,SIAgent3,OLD_LOW_INCOME,2517,2517.0,3250,0.0
75,WFAgent0,MALE_OLD,1041,1041.0,638,233.40500000000188
75,WFAgent1,HIGH_INCOME,795,795.0,421,0.4210000000000003
75,SIAgent1,YOUNG,1835,1835.0,2913,330.6269999999852
75,WFAgent2,FEMALE_YOUNG,447,447.0,0,0.0
75,SIAgent2,FEMALE_OLD_HIGH_INCOME,81,81.0,5,0.0
75,SIAgent0,YOUNG_HIGH_INCOME,309,309.0,309,309.0
76,WEAgent1,MALE_OLD,1041,1041.0,0,0.0
76,WEAgent2,FEMALE_YOUNG,447,447.0,446,446.44599999999633
76,WEAgent0,MALE_YOUNG_LOW_INCOME,367,367.0,0,0.0
76,WEAgent3,MALE_HIGH_INCOME,795,795.0,0,0.0
76,WEAgent4,FEMALE_OLD_HIGH_INCOME,81,81.0,395,0.0
76,SIAgent3,MALE,2973,2973.0,2202,952.0
76,WFAgent0,FEMALE_YOUNG_LOW_INCOME,792,792.0,1273,411.41099999999716
76,WFAgent1,MALE_YOUNG_HIGH_INCOME,103,103.0,103,103.0
76,SIAgent1,MALE_LOW_INCOME,2178,2178.0,963,963.0
76,WFAgent2,YOUNG,917,917.0,916,916.1809999999978
76,SIAgent2,OLD_LOW_INCOME,2517,2517.0,3068,597.0
76,SIAgent0,MALE_YOUNG_LOW_INCOME,1101,1101.0,367,367.0
77,WEAgent1,MALE_YOUNG,941,941.0,941,941.0
77,WEAgent2,MALE_HIGH_INCOME,795,795.0,0,0.0
77,WEAgent0,FEMALE_HIGH_INCOME,265,265.0,0,0.0
77,WEAgent3,MALE_OLD_LOW_INCOME,718,718.0,717,717.5299999999944
77,WEAgent4,FEMALE_OLD_LOW_INCOME,480,480.0,2356,0.0
77,SIAgent3,MALE_YOUNG_LOW_INCOME,734,734.0,426,426.0
77,WFAgent0,MALE_OLD,520,520.0,0,0.0
77,WFAgent1,MALE_OLD,520,520.0,519,519.5189999999947
77,SIAgent1,MALE_YOUNG,1411,1411.0,728,728.0
77,WFAgent2,FEMALE_OLD_HIGH_INCOME,81,81.0,0,0.0
77,SIAgent2,HIGH_INCOME,1192,1192.0,1713,258.0
77,SIAgent0,MALE_OLD_LOW_INCOME,1077,1077.0,578,0.5780000000000004
78,WEAgent1,MALE_OLD_HIGH_INCOME,484,484.0,484,484.0
78,WEAgent2,FEMALE,2017,2017.0,2013,1355.0139999999851
78,WEAgent0,MALE,2973,2973.0,0,0.0
78,WEAgent3,LOW_INCOME,1602,1602.0,1600,1601.172999999976
78,WEAgent4,FEMALE_YOUNG_HIGH_INCOME,102,102.0,0,0.0
78,SIAgent3,MALE_OLD_LOW_INCOME,718,718.0,578,578.0
78,WFAgent0,MALE,2973,2973.0,0,0.0
78,WFAgent1,OLD_LOW_INCOME,839,839.0,838,838.5159999999947
78,SIAgent1,MALE_OLD_HIGH_INCOME,484,484.0,307,0.0
78,WFAgent2,FEMALE_OLD,561,561.0,153,153.15300000000036
78,SIAgent2,MALE_OLD_LOW_INCOME,1077,1077.0,590,590.0
78,SIAgent0,LOW_INCOME,3204,3204.0,2918,570.0
79,WEAgent1,YOUNG,1835,1835.0,1629,1629.2199999999955
79,WEAgent2,YOUNG_LOW_INCOME,763,763.0,0,0.0
79,WEAgent0,FEMALE_YOUNG,1341,1341.0,0,0.0
79,WEAgent3,MALE_OLD,520,520.0,518,518.5179999999947
79,WEAgent4,MALE_OLD,520,520.0,519,519.4969999999951
79,SIAgent3,MALE_HIGH_INCOME,530,530.0,133,133.0
79,WFAgent0,FEMALE_OLD,1123,1123.0,2338,0.0
79,WFAgent1,HIGH_INCOME,397,397.0,232,232.23200000000074
79,SIAgent1,YOUNG_HIGH_INCOME,309,309.0,16,0.0
79,WFAgent2,MALE_OLD_LOW_INCOME,359,359.0,1309,266.2660000000006
79,SIAgent2,OLD_HIGH_INCOME,243,243.0,547,148.39900000000029
79,SIAgent0,YOUNG_LOW_INCOME,2289,2289.0,2759,0.0
80,WEAgent1,OLD_LOW_INCOME,2517,2517.0,2516,2516.145999999999
80,WEAgent2,MALE,2973,2973.0,2985,658.1410000000004
80,WEAgent0,MALE_OLD_HIGH_INCOME,323,323.0,0,0.0
80,WEAgent3,FEMALE_YOUNG_LOW_INCOME,396,396.0,1960,0.0
80,WEAgent4,MALE_OLD,1561,1561.0,0,0.0
80,SIAgent3,FEMALE_HIGH_INCOME,265,265.0,313,80.0
80,WFAgent0,YOUNG_HIGH_INCOME,309,309.0,0,0.0
80,WFAgent1,FEMALE_HIGH_INCOME,132,132.0,132,132.0
80,SIAgent1,FEMALE_OLD,1123,1123.0,112,104.0
80,WFAgent2,YOUNG_LOW_INCOME,1526,1526.0,1526,1526.0
80,SIAgent2,FEMALE_OLD_HIGH_INCOME,244,244.0,94,94.0
80,SIAgent0,MALE_YOUNG,941,941.0,362,0.0
81,WEAgent1,MALE_OLD_LOW_INCOME,359,359.0,0,0.0
81,WEAgent2,YOUNG_LOW_INCOME,1526,1526.0,0,0.0
81,WEAgent0,MALE,2973,2973.0,0,0.0
81,WEAgent3,FEMALE_LOW_INCOME,876,876.0,0,0.0
81,WEAgent4,LOW_INCOME,3204,3204.0,3661,1787.0
81,SIAgent3,FEMALE_OLD,1123,1123.0,1110,1110.0
81,WFAgent0,FEMALE_YOUNG_LOW_INCOME,396,396.0,0,0.0
81,WFAgent1,FEMALE_YOUNG_HIGH_INCOME,51,51.0,0,0.0
81,SIAgent1,FEMALE,2017,2017.0,2900,1801.124999999997
81,WFAgent2,FEMALE_LOW_INCOME,2628,2628.0,0,0.0
81,SIAgent2,FEMALE,1008,1008.0,1008,1008.0
81,SIAgent0,MALE_OLD_LOW_INCOME,1077,1077.0,0,0.0
82,WEAgent1,FEMALE_YOUNG_HIGH_INCOME,51,51.0,0,0.0
82,WEAgent2,MALE_OLD_HIGH_INCOME,484,484.0,0,0.0
82,WEAgent0,FEMALE_YOUNG_HIGH_INCOME,153,153.0,0,0.0
82,WEAgent3,FEMALE_YOUNG_HIGH_INCOME,51,51.0,0,0.0
82,WEAgent4,MALE_OLD,1041,1041.0,0,0.0
82,SIAgent3,FEMALE_YOUNG_LOW_INCOME,792,792.0,792,792.0
82,WFAgent0,YOUNG_LOW_INCOME,2289,2289.0,0,0.0
82,WFAgent1,LOW_INCOME,3204,3204.0,3272,803.0
82,SIAgent1,MALE_OLD_LOW_INCOME,1077,1077.0,616,616.0
82,WFAgent2,MALE_OLD,520,520.0,520,520.0
82,SIAgent2,YOUNG,2753,2753.0,2411,1239.0
82,SIAgent0,MALE_LOW_INCOME,2178,2178.0,1200,1200.0
83,WEAgent1,MALE_YOUNG,470,470.0,470,470.0
83,WEAgent2,OLD_HIGH_INCOME,729,729.0,0,0.0
83,WEAgent0,YOUNG_LOW_INCOME,2289,2289.0,2289,2289.0
83,WEAgent3,OLD_HIGH_INCOME,243,243.0,0,0.0
83,WEAgent4,FEMALE_OLD,1123,1123.0,2027,360.35999999999837
83,SIAgent3,MALE_YOUNG_HIGH_INCOME,206,206.0,36,36.0
83,WFAgent0,FEMALE_YOUNG,447,447.0,0,0.0
83,WFAgent1,OLD,2164,2164.0,2138,369.36899999999815
83,SIAgent1,FEMALE_YOUNG_LOW_INCOME,1188,1188.0,1480,1.4799999999999478
83,WFAgent2,FEMALE_HIGH_INCOME,265,265.0,0,0.0
83,SIAgent2,FEMALE_YOUNG_HIGH_INCOME,51,51.0,247,0.0
83,SIAgent0,MALE_YOUNG,941,941.0,98,39.0
84,WEAgent1,FEMALE_YOUNG,894,894.0,0,0.0
84,WEAgent2,MALE_OLD_HIGH_INCOME,161,161.0,0,0.0
84,WEAgent0,FEMALE_OLD_LOW_INCOME,480,480.0,480,480.0
84,WEAgent3,LOW_INCOME,1602,1602.0,1602,1602.0
84,WEAgent4,HIGH_INCOME,795,795.0,584,330.19799999999873
84,SIAgent3,FEMALE_YOUNG_LOW_INCOME,1188,1188.0,871,871.0
84,WFAgent0,MALE_HIGH_INCOME,265,265.0,0,0.0
84,WFAgent1,OLD_HIGH_INCOME,486,486.0,1012,220.01200000000304
84,SIAgent1,MALE_YOUNG,941,941.0,764,0.0
84,WFAgent2,YOUNG_LOW_INCOME,1526,1526.0,1526,1526.0
84,SIAgent2,FEMALE_LOW_INCOME,1752,1752.0,2702,854.0
84,SIAgent0,MALE_OLD_LOW_INCOME,359,359.0,459,0.0
85,WEAgent1,MALE,991,991.0,939,474.47399999999567
85,WEAgent2,MALE_OLD_HIGH_INCOME,484,484.0,698,52.051999999999964
85,WEAgent0,FEMALE_YOUNG_LOW_INCOME,792,792.0,0,0.0
85,WEAgent3,FEMALE_YOUNG,1341,1341.0,0,0.0
85,WEAgent4,FEMALE_LOW_INCOME,1752,1752.0,1319,1165.674999999991
85,SIAgent3,FEMALE_OLD_LOW_INCOME,960,960.0,975,802.0
85,WFAgent0,LOW_INCOME,3204,3204.0,2776,1799.0689999999777
85,WFAgent1,FEMALE_YOUNG_LOW_INCOME,396,396.0,0,0.0
85,SIAgent1,FEMALE,1008,1008.0,1197,1008.0
85,WFAgent2,FEMALE_YOUNG,1341,1341.0,0,0.0
85,SIAgent2,FEMALE_OLD_HIGH_INCOME,162,162.0,162,162.0
85,SIAgent0,FEMALE_YOUNG_HIGH_INCOME,51,51.0,51,51.0
86,WEAgent1,FEMALE_OLD_LOW_INCOME,480,480.0,479,479.3539999999985
86,WEAgent2,FEMALE,3026,3026.0,3019,2617.7850000000053
86,WEAgent0,LOW_INCOME,1602,1602.0,1625,214.21400000000065
86,WEAgent3,YOUNG_HIGH_INCOME,463,463.0,0,0.0
86,WEAgent4,OLD,1082,1082.0,1091,273.0909999999854
86,SIAgent3,YOUNG,917,917.0,2042,388.0
86,WFAgent0,FEMALE,3026,3026.0,0,0.0
86,WFAgent1,OLD_HIGH_INCOME,729,729.0,0,0.0
86,SIAgent1,FEMALE_YOUNG_HIGH_INCOME,153,153.0,0,0.0
86,WFAgent2,FEMALE,1008,1008.0,0,0.0
86,SIAgent2,MALE_YOUNG_LOW_INCOME,367,367.0,367,367.0
86,SIAgent0,FEMALE_OLD_LOW_INCOME,960,960.0,1377,0.0
87,WEAgent1,MALE_YOUNG,1411,1411.0,0,0.0
87,WEAgent2,MALE,2973,2973.0,3024,1325.0
87,WEAgent0,FEMALE_OLD_HIGH_INCOME,244,244.0,0,0.0
87,WEAgent3,OLD_HIGH_INCOME,486,486.0,0,0.0
87,WEAgent4,FEMALE_OLD_HIGH_INCOME,244,244.0,0,0.0
87,SIAgent3,MALE_HIGH_INCOME,530,530.0,18,2.0
87,WFAgent0,FEMALE_LOW_INCOME,1752,1752.0,1752,1752.0
87,WFAgent1,MALE_YOUNG_HIGH_INCOME,310,310.0,0,0.0
87,SIAgent1,MALE_YOUNG_HIGH_INCOME,310,310.0,2,2.0
87,WFAgent2,YOUNG_LOW_INCOME,1526,1526.0,1800,0.0
87,SIAgent2,FEMALE_OLD_HIGH_INCOME,81,81.0,81,81.0
87,SIAgent0,FEMALE,3026,3026.0,3323,83.0
88,WEAgent1,MALE_OLD_LOW_INCOME,718,718.0,0,0.0
88,WEAgent2,FEMALE_YOUNG,894,894.0,0,0.0
88,WEAgent0,MALE_OLD,520,520.0,0,0.0
88,WEAgent3,OLD,3246,3246.0,3239,1424.2349999999976
88,WEAgent4,HIGH_INCOME,1192,1192.0,0,0.0
88,SIAgent3,FEMALE_YOUNG_HIGH_INCOME,51,51.0,25,25.0
88,WFAgent0,FEMALE_OLD_LOW_INCOME,1440,1440.0,1439,1439.2390000000007
88,WFAgent1,FEMALE,2017,2017.0,0,0.0
88,SIAgent1,FEMALE,3026,3026.0,1631,977.0
88,WFAgent2,HIGH_INCOME,397,397.0,397,397.0
88,SIAgent2,FEMALE,1008,1008.0,1008,1008.0
88,SIAgent0,HIGH_INCOME,397,397.0,375,23.0
89,WEAgent1,OLD,3246,3246.0,2923,2347.3149999999932
89,WEAgent2,HIGH_INCOME,1192,1192.0,0,0.0
89,WEAgent0,FEMALE_OLD_HIGH_INCOME,81,81.0,0,0.0
89,WEAgent3,YOUNG_LOW_INCOME,2289,2289.0,2343,453.0
89,WEAgent4,MALE_LOW_INCOME,1452,1452.0,0,0.0
89,SIAgent3,FEMALE_YOUNG_LOW_INCOME,792,792.0,471,471.0
89,WFAgent0,MALE_OLD_HIGH_INCOME,323,323.0,322,322.32199999999926
89,WFAgent1,FEMALE_YOUNG,1341,1341.0,0,0.0
89,SIAgent1,OLD_LOW_INCOME,839,839.0,2215,0.0
89,WFAgent2,MALE_YOUNG,470,470.0,0,0.0
89,SIAgent2,FEMALE_YOUNG_LOW_INCOME,792,792.0,467,467.0
89,SIAgent0,FEMALE_YOUNG,1341,1341.0,742,492.0
90,WEAgent1,LOW_INCOME,4807,4807.0,3914,3914.944000000103
90,WEAgent2,YOUNG_HIGH_INCOME,463,463.0,459,459.20599999999854
90,WEAgent0,LOW_INCOME,1602,1602.0,0,0.0
90,WEAgent3,FEMALE_HIGH_INCOME,132,132.0,438,0.0
90,WEAgent4,MALE_HIGH_INCOME,265,265.0,264,264.2250000000007
90,SIAgent3,FEMALE_YOUNG_HIGH_INCOME,51,51.0,0,0.0
90,WFAgent0,MALE_YOUNG_LOW_INCOME,1101,1101.0,0,0.0
90,WFAgent1,MALE_OLD,1561,1561.0,870,870.8699999999864
90,SIAgent1,YOUNG_HIGH_INCOME,463,463.0,56,0.0
90,WFAgent2,FEMALE,1008,1008.0,0,0.0
90,SIAgent2,FEMALE_OLD_LOW_INCOME,1440,1440.0,1171,1171.0
90,SIAgent0,LOW_INCOME,3204,3204.0,2076,1258.8179999999807
91,WEAgent1,MALE_LOW_INCOME,1452,1452.0,0,0.0
91,WEAgent2,MALE_YOUNG_HIGH_INCOME,103,103.0,0,0.0
91,WEAgent0,MALE_OLD_LOW_INCOME,718,718.0,0,0.0
91,WEAgent3,OLD_HIGH_INCOME,486,486.0,755,486.0
91,WEAgent4,FEMALE_YOUNG_HIGH_INCOME,102,102.0,0,0.0
91,SIAgent3,MALE,1982,1982.0,2016,1698.0
91,WFAgent0,MALE_OLD_LOW_INCOME,359,359.0,0,0.0
91,WFAgent1,MALE_LOW_INCOME,2178,2178.0,0,0.0
91,SIAgent1,LOW_INCOME,3204,3204.0,4903,2501.0
91,WFAgent2,YOUNG_HIGH_INCOME,154,154.0,154,154.0
91,SIAgent2,YOUNG,1835,1835.0,1917,1835.0
91,SIAgent0,MALE_YOUNG_HIGH_INCOME,103,103.0,103,103.0
92,WEAgent1,FEMALE_HIGH_INCOME,397,397.0,384,141.0
92,WEAgent2,MALE_OLD_HIGH_INCOME,484,484.0,0,0.0
92,WEAgent0,YOUNG_LOW_INCOME,1526,1526.0,1526,1526.0
92,WEAgent3,FEMALE_YOUNG_HIGH_INCOME,153,153.0,0,0.0
92,WEAgent4,FEMALE_YOUNG,447,447.0,0,0.0
92,SIAgent3,OLD_HIGH_INCOME,486,486.0,565,248.0
92,WFAgent0,FEMALE_OLD_HIGH_INCOME,81,81.0,0,0.0
92,WFAgent1,MALE_YOUNG_HIGH_INCOME,310,310.0,310,310.0
92,SIAgent1,MALE_YOUNG_LOW_INCOME,367,367.0,319,39.0
92,WFAgent2,FEMALE_LOW_INCOME,2628,2628.0,4411,0.0
92,SIAgent2,MALE,991,991.0,1097,991.0
92,SIAgent0,MALE_OLD,1041,1041.0,1150,1041.0
93,WEAgent1,YOUNG,1835,1835.0,1431,936.9359999999848
93,WEAgent2,FEMALE_OLD_HIGH_INCOME,244,244.0,0,0.0
93,WEAgent0,FEMALE_YOUNG_HIGH_INCOME,153,153.0,0,0.0
93,WEAgent3,OLD_HIGH_INCOME,729,729.0,0,0.0
93,WEAgent4,YOUNG_HIGH_INCOME,309,309.0,0,0.0
93,SIAgent3,FEMALE,3026,3026.0,1990,1990.0
93,WFAgent0,MALE_LOW_INCOME,2178,2178.0,1305,1305.96299999998
93,WFAgent1,OLD_HIGH_INCOME,243,243.0,243,243.0
93,SIAgent1,OLD,2164,2164.0,2417,1460.0
93,WFAgent2,MALE_YOUNG,470,470.0,0,0.0
93,SIAgent2,FEMALE,3026,3026.0,2094,2094.0
93,SIAgent0,MALE_OLD,520,520.0,520,520.0
94,WEAgent1,OLD,3246,3246.0,3186,2328.234999999997
94,WEAgent2,MALE_OLD_HIGH_INCOME,161,161.0,0,0.0
94,WEAgent0,FEMALE_YOUNG_HIGH_INCOME,102,102.0,0,0.0
94,WEAgent3,FEMALE_OLD,561,561.0,560,560.2540000000008
94,WEAgent4,YOUNG_LOW_INCOME,763,763.0,0,0.0
94,SIAgent3,FEMALE_YOUNG_HIGH_INCOME,51,51.0,51,51.0
94,WFAgent0,FEMALE_YOUNG,447,447.0,447,447.0
94,WFAgent1,FEMALE_OLD_HIGH_INCOME,162,162.0,0,0.0
94,SIAgent1,FEMALE_YOUNG_LOW_INCOME,1188,1188.0,520,520.0
94,WFAgent2,YOUNG,1835,1835.0,0,0.0
94,SIAgent2,LOW_INCOME,3204,3204.0,3149,1272.0
94,SIAgent0,FEMALE,2017,2017.0,1576,1423.0
95,WEAgent1,MALE_YOUNG_LOW_INCOME,367,367.0,0,0.0
95,WEAgent2,HIGH_INCOME,397,397.0,500,346.0
95,WEAgent0,FEMALE_OLD,1684,1684.0,1684,1684.0
95,WEAgent3,FEMALE_YOUNG,447,447.0,0,0.0
95,WEAgent4,MALE_YOUNG_LOW_INCOME,734,734.0,0,0.0
95,SIAgent3,OLD_HIGH_INCOME,243,243.0,243,243.0
95,WFAgent0,YOUNG_LOW_INCOME,1526,1526.0,1837,0.0
95,WFAgent1,OLD,2164,2164.0,1807,0.0
95,SIAgent1,HIGH_INCOME,397,397.0,546,397.0
95,WFAgent2,FEMALE_HIGH_INCOME,132,132.0,0,0.0
95,SIAgent2,FEMALE,3026,3026.0,2270,993.0379999999755
95,SIAgent0,FEMALE_YOUNG_LOW_INCOME,792,792.0,792,792.0
96,WEAgent1,FEMALE_OLD_HIGH_INCOME,162,162.0,417,0.4170000000000003
96,WEAgent2,YOUNG_HIGH_INCOME,309,309.0,0,0.0
96,WEAgent0,FEMALE_YOUNG_HIGH_INCOME,51,51.0,0,0.0
96,WEAgent3,MALE_OLD_HIGH_INCOME,161,161.0,161,161.0
96,WEAgent4,MALE_YOUNG,941,941.0,0,0.0
96,SIAgent3,FEMALE_YOUNG,894,894.0,1558,609.0
96,WFAgent0,MALE_YOUNG_LOW_INCOME,1101,1101.0,0,0.0
96,WFAgent1,MALE_YOUNG,941,941.0,941,941.0
96,SIAgent1,YOUNG_LOW_INCOME,763,763.0,763,763.0
96,WFAgent2,FEMALE_OLD_HIGH_INCOME,81,81.0,0,0.0
96,SIAgent2,MALE,991,991.0,3537,330.0
96,SIAgent0,MALE_YOUNG_HIGH_INCOME,206,206.0,206,206.0
97,WEAgent1,MALE,1982,1982.0,0,0.0
97,WEAgent2,FEMALE_OLD_HIGH_INCOME,81,81.0,391,0.0
97,WEAgent0,LOW_INCOME,3204,3204.0,2321,2321.9110000000373
97,WEAgent3,MALE_OLD,1561,1561.0,0,0.0
97,WEAgent4,MALE_HIGH_INCOME,795,795.0,795,795.0
97,SIAgent3,FEMALE_LOW_INCOME,1752,1752.0,2118,1691.0
97,WFAgent0,YOUNG,2753,2753.0,0,0.0
97,WFAgent1,MALE_YOUNG_HIGH_INCOME,310,310.0,501,0.0
97,SIAgent1,LOW_INCOME,1602,1602.0,1602,1602.0
97,WFAgent2,MALE_OLD,1561,1561.0,888,888.8879999999859
97,SIAgent2,YOUNG_LOW_INCOME,2289,2289.0,1115,771.0
97,SIAgent0,MALE_OLD,1561,1561.0,8,0.0
98,WEAgent1,MALE_YOUNG_HIGH_INCOME,206,206.0,0,0.0
98,WEAgent2,OLD_LOW_INCOME,839,839.0,1731,578.5779999999933
98,WEAgent0,FEMALE_YOUNG_LOW_INCOME,1188,1188.0,0,0.0
98,WEAgent3,FEMALE_LOW_INCOME,2628,2628.0,2627,2627.6479999999874
98,WEAgent4,FEMALE_HIGH_INCOME,397,397.0,635,241.39400000000128
98,SIAgent3,MALE_OLD_HIGH_INCOME,484,484.0,376,376.0
98,WFAgent0,OLD_HIGH_INCOME,243,243.0,0,0.0
98,WFAgent1,MALE_YOUNG,1411,1411.0,1860,0.0
98,SIAgent1,MALE_YOUNG_HIGH_INCOME,310,310.0,246,246.0
98,WFAgent2,MALE_YOUNG,470,470.0,0,0.0
98,SIAgent2,FEMALE_YOUNG,1341,1341.0,53,0.0
98,SIAgent0,MALE_HIGH_INCOME,795,795.0,681,681.0
99,WEAgent1,FEMALE_OLD,1684,1684.0,782,782.7819999999884
99,WEAgent2,FEMALE_OLD,561,561.0,560,560.5599999999937
99,WEAgent0,YOUNG_HIGH_INCOME,154,154.0,0,0.0
99,WEAgent3,FEMALE_HIGH_INCOME,397,397.0,0,0.0
99,WEAgent4,FEMALE_OLD,1684,1684.0,810,810.8099999999878
99,SIAgent3,FEMALE_YOUNG_HIGH_INCOME,51,51.0,51,51.0
99,WFAgent0,FEMALE_OLD,1684,1684.0,773,773.7729999999887
99,WFAgent1,MALE,991,991.0,781,458.3229999999938
99,SIAgent1,YOUNG_HIGH_INCOME,154,154.0,603,73.49200000000037
99,WFAgent2,MALE_OLD_HIGH_INCOME,484,484.0,466,0.33800000000000024
99,SIAgent2,FEMALE_YOUNG,894,894.0,894,894.0
99,SIAgent0,LOW_INCOME,4807,4807.0,4280,793.0

