0,WEAgent1,MALE_OLD_HIGH_INCOME,323,323.0,0,0.0
0,WFAgent6,OLD_HIGH_INCOME,243,243.0,510,79.07900000000001
0,WEAgent2,FEMALE_OLD_HIGH_INCOME,162,162.0,0,0.0
0,WFAgent7,FEMALE_LOW_INCOME,1752,1752.0,1524,509.50899999999484
0,WEAgent0,MALE_YOUNG_LOW_INCOME,367,367.0,366,366.3659999999982
0,WFAgent0,FEMALE,3026,3026.0,0,0.0
0,WFAgent1,FEMALE_OLD_HIGH_INCOME,244,244.0,0,0.0
0,WFAgent2,HIGH_INCOME,1192,1192.0,1499,90.09000000000006
0,WFAgent3,MALE,2973,2973.0,0,0.0
0,WFAgent4,MALE_YOUNG,1411,1411.0,1464,419.41899999999697
0,WFAgent5,FEMALE_YOUNG,447,447.0,446,446.44599999999633
1,WEAgent1,MALE_OLD,520,520.0,2190,363.3869999999977
1,WFAgent6,FEMALE_LOW_INCOME,2628,2628.0,1963,0.0
1,WEAgent2,OLD_LOW_INCOME,1678,1678.0,1405,1048.4049999999738
1,WFAgent7,FEMALE_OLD_LOW_INCOME,960,960.0,959,959.9589999999843
1,WEAgent0,HIGH_INCOME,795,795.0,608,608.6079999999926
1,WFAgent0,MALE_YOUNG,470,470.0,469,469.4689999999958
1,WFAgent1,YOUNG,917,917.0,1405,427.4269999999968
1,WFAgent2,OLD_HIGH_INCOME,243,243.0,232,232.23200000000074
1,WFAgent3,FEMALE_HIGH_INCOME,397,397.0,0,0.0
1,WFAgent4,MALE_HIGH_INCOME,530,530.0,0,0.0
1,WFAgent5,FEMALE_HIGH_INCOME,132,132.0,255,0.0
2,WEAgent1,FEMALE_OLD_HIGH_INCOME,162,162.0,433,0.0
2,WFAgent6,LOW_INCOME,1602,1602.0,2419,0.0
2,WEAgent2,FEMALE_YOUNG_LOW_INCOME,1188,1188.0,0,0.0
2,WFAgent7,MALE,1982,1982.0,0,0.0
2,WEAgent0,LOW_INCOME,4807,4807.0,3245,1229.873999999939
2,WFAgent0,MALE_LOW_INCOME,2178,2178.0,823,823.8229999999875
2,WFAgent1,YOUNG_LOW_INCOME,1526,1526.0,632,632.631999999992
2,WFAgent2,MALE_HIGH_INCOME,795,795.0,1213,157.15700000000038
2,WFAgent3,MALE_OLD,520,520.0,519,519.5189999999947
2,WFAgent4,MALE_YOUNG,470,470.0,469,469.4689999999958
2,WFAgent5,FEMALE_YOUNG_HIGH_INCOME,153,153.0,247,0.0
3,WEAgent1,MALE_HIGH_INCOME,265,265.0,183,183.1830000000005
3,WFAgent6,OLD_HIGH_INCOME,486,486.0,235,235.23500000000075
3,WEAgent2,OLD_HIGH_INCOME,486,486.0,222,222.2220000000007
3,WFAgent7,MALE_YOUNG_LOW_INCOME,734,734.0,733,733.7329999999896
3,WEAgent0,FEMALE_LOW_INCOME,876,876.0,875,875.8749999999862
3,WFAgent0,FEMALE_HIGH_INCOME,132,132.0,231,0.0
3,WFAgent1,MALE_YOUNG,941,941.0,1103,669.6689999999911
3,WFAgent2,FEMALE,3026,3026.0,3539,797.7969999999881
3,WFAgent3,OLD_LOW_INCOME,2517,2517.0,0,0.0
3,WFAgent4,MALE_OLD_HIGH_INCOME,161,161.0,160,160.1600000000004
3,WFAgent5,MALE_OLD_LOW_INCOME,359,359.0,1770,0.0
4,WEAgent1,HIGH_INCOME,397,397.0,726,0.0
4,WFAgent6,OLD_LOW_INCOME,2517,2517.0,0,0.0
4,WEAgent2,MALE_OLD_HIGH_INCOME,161,161.0,0,0.0
4,WFAgent7,YOUNG_HIGH_INCOME,309,309.0,0,0.0
4,WEAgent0,FEMALE_OLD,1684,1684.0,0,0.0
4,WFAgent0,LOW_INCOME,4807,4807.0,0,0.0
4,WFAgent1,OLD,3246,3246.0,3742,1269.267999999977
4,WFAgent2,OLD_LOW_INCOME,2517,2517.0,0,0.0
4,WFAgent3,OLD,1082,1082.0,783,388.7829999999954
4,WFAgent4,MALE_YOUNG_HIGH_INCOME,206,206.0,0,0.0
4,WFAgent5,MALE_OLD,1561,1561.0,939,939.9389999999847
5,WEAgent1,FEMALE_OLD_LOW_INCOME,1440,1440.0,2437,0.0
5,WFAgent6,MALE,2973,2973.0,1524,1525.523999999971
5,WEAgent2,MALE_LOW_INCOME,726,726.0,666,666.6659999999912
5,WFAgent7,FEMALE_OLD_HIGH_INCOME,81,81.0,0,0.0
5,WEAgent0,MALE,991,991.0,1010,474.47399999999567
5,WFAgent0,FEMALE_OLD_LOW_INCOME,1440,1440.0,0,0.0
5,WFAgent1,MALE_YOUNG_LOW_INCOME,367,367.0,0,0.0
5,WFAgent2,OLD,3246,3246.0,0,0.0
5,WFAgent3,MALE_OLD,1561,1561.0,872,872.8719999999863
5,WFAgent4,FEMALE_OLD_HIGH_INCOME,162,162.0,347,79.34700000000129
5,WFAgent5,FEMALE_OLD_HIGH_INCOME,81,81.0,80,80.08000000000001
6,WEAgent1,HIGH_INCOME,795,795.0,0,0.0
6,WFAgent6,MALE_HIGH_INCOME,265,265.0,264,264.26400000000064
6,WEAgent2,FEMALE_OLD_HIGH_INCOME,81,81.0,0,0.0
6,WFAgent7,MALE_OLD,1041,1041.0,0,0.0
6,WEAgent0,MALE_OLD_LOW_INCOME,359,359.0,0,0.0
6,WFAgent0,FEMALE_OLD_LOW_INCOME,960,960.0,2389,0.0
6,WFAgent1,OLD_HIGH_INCOME,729,729.0,923,278.2780000000003
6,WFAgent2,MALE_HIGH_INCOME,795,795.0,0,0.0
6,WFAgent3,FEMALE_OLD,1684,1684.0,0,0.0
6,WFAgent4,YOUNG_LOW_INCOME,2289,2289.0,3840,0.0
6,WFAgent5,MALE_OLD,1561,1561.0,1799,0.0
7,WEAgent1,FEMALE_OLD_HIGH_INCOME,81,81.0,0,0.0
7,WFAgent6,FEMALE_OLD_LOW_INCOME,960,960.0,0,0.0
7,WEAgent2,LOW_INCOME,1602,1602.0,2667,675.674999999991
7,WFAgent7,MALE_HIGH_INCOME,265,265.0,521,0.5210000000000004
7,WEAgent0,OLD_HIGH_INCOME,486,486.0,0,0.0
7,WFAgent0,FEMALE_YOUNG_HIGH_INCOME,51,51.0,266,0.0
7,WFAgent1,MALE,991,991.0,755,755.7549999999891
7,WFAgent2,MALE,1982,1982.0,738,738.7379999999895
7,WFAgent3,MALE,991,991.0,2256,160.1600000000004
7,WFAgent4,OLD_HIGH_INCOME,729,729.0,0,0.0
7,WFAgent5,OLD,2164,2164.0,0,0.0
8,WEAgent1,FEMALE_OLD_LOW_INCOME,1440,1440.0,0,0.0
8,WFAgent6,MALE_YOUNG_HIGH_INCOME,206,206.0,205,205.2050000000006
8,WEAgent2,OLD_LOW_INCOME,2517,2517.0,0,0.0
8,WFAgent7,MALE_HIGH_INCOME,530,530.0,1088,194.98300000000344
8,WEAgent0,FEMALE_YOUNG_HIGH_INCOME,153,153.0,0,0.0
8,WFAgent0,LOW_INCOME,3204,3204.0,3897,0.0
8,WFAgent1,FEMALE_HIGH_INCOME,132,132.0,357,0.0
8,WFAgent2,MALE_OLD_HIGH_INCOME,484,484.0,0,0.0
8,WFAgent3,YOUNG_HIGH_INCOME,154,154.0,258,0.2580000000000002
8,WFAgent4,FEMALE_OLD,1684,1684.0,0,0.0
8,WFAgent5,MALE_OLD_LOW_INCOME,1077,1077.0,1853,0.0
9,WEAgent1,FEMALE_HIGH_INCOME,132,132.0,0,0.0
9,WFAgent6,FEMALE_OLD_LOW_INCOME,480,480.0,2429,0.0
9,WEAgent2,FEMALE,1008,1008.0,746,746.7459999999893
9,WFAgent7,OLD_HIGH_INCOME,243,243.0,122,122.12200000000021
9,WEAgent0,YOUNG,1835,1835.0,1386,967.9669999999841
9,WFAgent0,FEMALE_YOUNG,894,894.0,620,620.6199999999923
9,WFAgent1,MALE_YOUNG_HIGH_INCOME,310,310.0,182,182.1820000000005
9,WFAgent2,OLD_HIGH_INCOME,729,729.0,951,159.1590000000004
9,WFAgent3,FEMALE,1008,1008.0,715,715.71499999999
9,WFAgent4,YOUNG_HIGH_INCOME,463,463.0,302,302.30199999999974
9,WFAgent5,MALE_YOUNG_LOW_INCOME,734,734.0,733,733.7329999999896
10,WEAgent1,FEMALE_YOUNG_LOW_INCOME,396,396.0,0,0.0
10,WFAgent6,FEMALE_HIGH_INCOME,265,265.0,60,60.059999999999945
10,WEAgent2,MALE_OLD,1561,1561.0,0,0.0
10,WFAgent7,MALE_YOUNG_HIGH_INCOME,206,206.0,514,0.0
10,WEAgent0,FEMALE_YOUNG_HIGH_INCOME,51,51.0,266,0.2660000000000002
10,WFAgent0,MALE_HIGH_INCOME,795,795.0,0,0.0
10,WFAgent1,OLD,3246,3246.0,0,0.0
10,WFAgent2,FEMALE_LOW_INCOME,2628,2628.0,0,0.0
10,WFAgent3,MALE_OLD_HIGH_INCOME,323,323.0,846,0.0
10,WFAgent4,MALE_OLD,1041,1041.0,1777,0.0
10,WFAgent5,FEMALE_OLD_HIGH_INCOME,244,244.0,362,52.051999999999964
11,WEAgent1,OLD_LOW_INCOME,1678,1678.0,1846,0.0
11,WFAgent6,HIGH_INCOME,795,795.0,0,0.0
11,WEAgent2,MALE_OLD_HIGH_INCOME,323,323.0,789,0.7890000000000006
11,WFAgent7,FEMALE_OLD_HIGH_INCOME,81,81.0,80,80.08000000000001
11,WEAgent0,FEMALE_YOUNG_HIGH_INCOME,153,153.0,0,0.0
11,WFAgent0,FEMALE_YOUNG_HIGH_INCOME,153,153.0,0,0.0
11,WFAgent1,HIGH_INCOME,1192,1192.0,784,265.2650000000006
11,WFAgent2,MALE_LOW_INCOME,726,726.0,1768,0.0
11,WFAgent3,FEMALE_HIGH_INCOME,397,397.0,233,233.23300000000074
11,WFAgent4,FEMALE_YOUNG,1341,1341.0,2057,0.0
11,WFAgent5,FEMALE_HIGH_INCOME,132,132.0,84,84.08400000000003
12,WEAgent1,FEMALE_HIGH_INCOME,397,397.0,0,0.0
12,WFAgent6,FEMALE_LOW_INCOME,1752,1752.0,2754,780.7799999999885
12,WEAgent2,FEMALE_OLD,561,561.0,560,560.5599999999937
12,WFAgent7,FEMALE_YOUNG_HIGH_INCOME,153,153.0,0,0.0
12,WEAgent0,FEMALE_OLD_LOW_INCOME,960,960.0,0,0.0
12,WFAgent0,MALE_LOW_INCOME,2178,2178.0,3641,0.0
12,WFAgent1,FEMALE_OLD,561,561.0,0,0.0
12,WFAgent2,FEMALE_OLD,1684,1684.0,1041,782.7819999999884
12,WFAgent3,MALE_YOUNG_HIGH_INCOME,206,206.0,548,0.0
12,WFAgent4,HIGH_INCOME,795,795.0,791,0.0
12,WFAgent5,FEMALE,1008,1008.0,0,0.0
13,WEAgent1,FEMALE_YOUNG,894,894.0,0,0.0
13,WFAgent6,FEMALE_YOUNG,894,894.0,797,797.7969999999881
13,WEAgent2,YOUNG,917,917.0,908,400.9079999999906
13,WFAgent7,OLD,2164,2164.0,3770,0.4980000000000004
13,WEAgent0,MALE_YOUNG,470,470.0,1446,356.35599999999846
13,WFAgent0,FEMALE_OLD_HIGH_INCOME,244,244.0,424,0.0
13,WFAgent1,FEMALE_YOUNG,1341,1341.0,0,0.0
13,WFAgent2,FEMALE_OLD_LOW_INCOME,480,480.0,479,0.47900000000000037
13,WFAgent3,YOUNG_HIGH_INCOME,309,309.0,234,0.0
13,WFAgent4,MALE_YOUNG_LOW_INCOME,367,367.0,366,366.3659999999982
13,WFAgent5,FEMALE_YOUNG,894,894.0,787,787.7869999999883
14,WEAgent1,FEMALE_OLD,1123,1123.0,0,0.0
14,WFAgent6,MALE,991,991.0,716,716.71599999999
14,WEAgent2,FEMALE,3026,3026.0,4156,927.5859999999733
14,WFAgent7,OLD,1082,1082.0,1747,935.9349999999848
14,WEAgent0,FEMALE_YOUNG_LOW_INCOME,396,396.0,0,0.0
14,WFAgent0,LOW_INCOME,4807,4807.0,0,0.0
14,WFAgent1,MALE,991,991.0,1076,577.5769999999933
14,WFAgent2,YOUNG_LOW_INCOME,763,763.0,0,0.0
14,WFAgent3,MALE_YOUNG_LOW_INCOME,734,734.0,1575,113.11300000000017
14,WFAgent4,FEMALE_HIGH_INCOME,397,397.0,0,0.0
14,WFAgent5,MALE,991,991.0,730,730.7299999999897
15,WEAgent1,MALE_YOUNG_LOW_INCOME,734,734.0,0,0.0
15,WFAgent6,MALE_LOW_INCOME,726,726.0,725,725.7249999999898
15,WEAgent2,LOW_INCOME,3204,3204.0,1619,1255.2539999999774
15,WFAgent7,MALE,2973,2973.0,0,0.0
15,WEAgent0,MALE_OLD_HIGH_INCOME,484,484.0,467,275.2750000000004
15,WFAgent0,FEMALE_OLD,1684,1684.0,1691,1064.062999999982
15,WFAgent1,MALE_YOUNG,1411,1411.0,0,0.0
15,WFAgent2,OLD_LOW_INCOME,1678,1678.0,1676,1677.6759999999674
15,WFAgent3,LOW_INCOME,3204,3204.0,2780,727.7799999999659
15,WFAgent4,MALE_HIGH_INCOME,795,795.0,777,277.2770000000003
15,WFAgent5,FEMALE_YOUNG,1341,1341.0,0,0.0
16,WEAgent1,FEMALE_OLD_LOW_INCOME,1440,1440.0,0,0.0
16,WFAgent6,FEMALE_OLD,1684,1684.0,0,0.0
16,WEAgent2,MALE_YOUNG_HIGH_INCOME,310,310.0,0,0.0
16,WFAgent7,MALE_YOUNG_HIGH_INCOME,310,310.0,0,0.0
16,WEAgent0,FEMALE_OLD_HIGH_INCOME,81,81.0,0,0.0
16,WFAgent0,MALE,991,991.0,1831,1.8309999999999091
16,WFAgent1,FEMALE_HIGH_INCOME,132,132.0,233,0.0
16,WFAgent2,FEMALE,1008,1008.0,1543,452.4519999999962
16,WFAgent3,FEMALE_YOUNG_LOW_INCOME,396,396.0,395,395.39499999999754
16,WFAgent4,MALE,2973,2973.0,2156,0.33200000000000024
16,WFAgent5,MALE_HIGH_INCOME,530,530.0,437,0.2930000000000002
17,WEAgent1,FEMALE_YOUNG_HIGH_INCOME,102,102.0,0,0.0
17,WFAgent6,YOUNG,2753,2753.0,0,0.0
17,WEAgent2,YOUNG,2753,2753.0,1905,1088.0869999999813
17,WFAgent7,FEMALE_YOUNG,447,447.0,1836,154.8360000000084
17,WEAgent0,MALE_OLD,520,520.0,519,519.5189999999947
17,WFAgent0,FEMALE_OLD,1684,1684.0,2491,318.31799999999936
17,WFAgent1,MALE_OLD_LOW_INCOME,359,359.0,358,358.3579999999984
17,WFAgent2,MALE_OLD_LOW_INCOME,718,718.0,831,513.5129999999948
17,WFAgent3,MALE_YOUNG,1411,1411.0,944,944.9439999999846
17,WFAgent4,MALE_OLD_HIGH_INCOME,161,161.0,801,0.0
17,WFAgent5,LOW_INCOME,1602,1602.0,315,315.31499999999943
18,WEAgent1,YOUNG,1835,1835.0,2311,0.0
18,WFAgent6,FEMALE_LOW_INCOME,1752,1752.0,0,0.0
18,WEAgent2,OLD_HIGH_INCOME,729,729.0,513,336.51299999999475
18,WFAgent7,MALE_OLD_HIGH_INCOME,323,323.0,322,322.32199999999926
18,WEAgent0,FEMALE,3026,3026.0,2834,586.5859999999931
18,WFAgent0,OLD_LOW_INCOME,839,839.0,2069,386.38599999999775
18,WFAgent1,FEMALE_LOW_INCOME,2628,2628.0,0,0.0
18,WFAgent2,FEMALE_HIGH_INCOME,397,397.0,0,0.0
18,WFAgent3,OLD_HIGH_INCOME,486,486.0,202,202.2020000000006
18,WFAgent4,MALE_OLD_LOW_INCOME,718,718.0,0,0.0
18,WFAgent5,MALE_OLD_LOW_INCOME,1077,1077.0,1749,1.7489999999999182
19,WEAgent1,MALE_OLD_LOW_INCOME,1077,1077.0,1759,0.0
19,WFAgent6,FEMALE_HIGH_INCOME,265,265.0,624,0.23400000000000018
19,WEAgent2,YOUNG_LOW_INCOME,2289,2289.0,1351,1352.350999999975
19,WFAgent7,OLD_HIGH_INCOME,486,486.0,0,0.0
19,WEAgent0,FEMALE_OLD_LOW_INCOME,960,960.0,2444,2.443999999999842
19,WFAgent0,FEMALE_HIGH_INCOME,132,132.0,0,0.0
19,WFAgent1,MALE_OLD_HIGH_INCOME,161,161.0,841,0.8410000000000006
19,WFAgent2,FEMALE_LOW_INCOME,876,876.0,1481,474.48099999997186
19,WFAgent3,FEMALE_OLD_HIGH_INCOME,162,162.0,0,0.0
19,WFAgent4,FEMALE_LOW_INCOME,1752,1752.0,0,0.0
19,WFAgent5,YOUNG_LOW_INCOME,1526,1526.0,955,955.9549999999844
20,WEAgent1,MALE_YOUNG_HIGH_INCOME,310,310.0,0,0.0
20,WFAgent6,OLD,3246,3246.0,0,0.0
20,WEAgent2,MALE_OLD_LOW_INCOME,359,359.0,0,0.0
20,WFAgent7,OLD,1082,1082.0,2420,0.0
20,WEAgent0,OLD_HIGH_INCOME,243,243.0,0,0.0
20,WFAgent0,MALE_OLD,520,520.0,0,0.0
20,WFAgent1,FEMALE,2017,2017.0,2157,0.0
20,WFAgent2,MALE_YOUNG,1411,1411.0,0,0.0
20,WFAgent3,OLD_HIGH_INCOME,486,486.0,1244,0.0
20,WFAgent4,YOUNG_LOW_INCOME,763,763.0,0,0.0
20,WFAgent5,MALE,991,991.0,1882,0.0
21,WEAgent1,HIGH_INCOME,1192,1192.0,0,0.0
21,WFAgent6,LOW_INCOME,1602,1602.0,0,0.0
21,WEAgent2,OLD,3246,3246.0,4589,920.333999999979
21,WFAgent7,FEMALE_YOUNG_HIGH_INCOME,102,102.0,101,101.10100000000011
21,WEAgent0,YOUNG,917,917.0,899,299.2989999999998
21,WFAgent0,MALE_HIGH_INCOME,530,530.0,0,0.0
21,WFAgent1,FEMALE_HIGH_INCOME,132,132.0,0,0.0
21,WFAgent2,OLD,2164,2164.0,0,0.0
21,WFAgent3,MALE_LOW_INCOME,726,726.0,0,0.0
21,WFAgent4,MALE,2973,2973.0,2491,1179.1779999999792
21,WFAgent5,FEMALE_HIGH_INCOME,132,132.0,0,0.0
22,WEAgent1,YOUNG_LOW_INCOME,2289,2289.0,2795,888.7949999999562
22,WFAgent6,FEMALE_OLD,1684,1684.0,121,0.1210000000000001
22,WEAgent2,OLD_LOW_INCOME,839,839.0,2724,2.4309999999998433
22,WFAgent7,FEMALE_YOUNG_HIGH_INCOME,51,51.0,50,0.05000000000000004
22,WEAgent0,MALE_YOUNG,1411,1411.0,0,0.0
22,WFAgent0,MALE_LOW_INCOME,726,726.0,725,725.7249999999898
22,WFAgent1,FEMALE,2017,2017.0,527,0.19000000000000014
22,WFAgent2,MALE_YOUNG,1411,1411.0,0,0.0
22,WFAgent3,MALE_HIGH_INCOME,795,795.0,1310,0.0
22,WFAgent4,MALE_YOUNG_LOW_INCOME,1101,1101.0,910,910.9099999999854
22,WFAgent5,OLD_LOW_INCOME,839,839.0,838,838.8379999999871
23,WEAgent1,FEMALE,3026,3026.0,4912,92.50800000000082
23,WFAgent6,LOW_INCOME,4807,4807.0,0,0.0
23,WEAgent2,MALE_OLD,1561,1561.0,0,0.0
23,WFAgent7,FEMALE_YOUNG,894,894.0,0,0.0
23,WEAgent0,FEMALE_YOUNG_LOW_INCOME,1188,1188.0,0,0.0
23,WFAgent0,MALE,1982,1982.0,3659,0.0
23,WFAgent1,HIGH_INCOME,795,795.0,818,0.0
23,WFAgent2,MALE_YOUNG,1411,1411.0,0,0.0
23,WFAgent3,FEMALE_YOUNG_HIGH_INCOME,102,102.0,101,101.10100000000011
23,WFAgent4,MALE_YOUNG_HIGH_INCOME,310,310.0,510,0.5100000000000003
23,WFAgent5,FEMALE_YOUNG_LOW_INCOME,792,792.0,0,0.0
24,WEAgent1,FEMALE_YOUNG,1341,1341.0,0,0.0
24,WFAgent6,MALE_YOUNG,941,941.0,0,0.0
24,WEAgent2,FEMALE_YOUNG_LOW_INCOME,792,792.0,706,706.7059999999902
24,WFAgent7,MALE,2973,2973.0,1820,1495.4939999999717
24,WEAgent0,OLD,1082,1082.0,0,0.0
24,WFAgent0,YOUNG,1835,1835.0,599,599.5989999999928
24,WFAgent1,MALE_OLD,520,520.0,519,519.5189999999947
24,WFAgent2,MALE_YOUNG_HIGH_INCOME,310,310.0,533,0.5330000000000004
24,WFAgent3,FEMALE_OLD,1123,1123.0,0,0.0
24,WFAgent4,OLD_LOW_INCOME,1678,1678.0,1825,1422.824999999964
24,WFAgent5,LOW_INCOME,4807,4807.0,2506,2508.5060000000526
25,WEAgent1,MALE_YOUNG_LOW_INCOME,367,367.0,0,0.0
25,WFAgent6,MALE_YOUNG,1411,1411.0,1427,894.8939999999858
25,WEAgent2,FEMALE_OLD_HIGH_INCOME,162,162.0,0,0.0
25,WFAgent7,MALE_LOW_INCOME,1452,1452.0,0,0.0
25,WEAgent0,FEMALE_HIGH_INCOME,397,397.0,0,0.0
25,WFAgent0,FEMALE_LOW_INCOME,1752,1752.0,0,0.0
25,WFAgent1,FEMALE,1008,1008.0,1008,1.0079999999999998
25,WFAgent2,LOW_INCOME,4807,4807.0,0,0.0
25,WFAgent3,FEMALE_LOW_INCOME,1752,1752.0,1971,0.0
25,WFAgent4,LOW_INCOME,4807,4807.0,4144,832.6029999999438
25,WFAgent5,FEMALE_HIGH_INCOME,132,132.0,0,0.0
26,WEAgent1,HIGH_INCOME,795,795.0,1325,0.0
26,WFAgent6,FEMALE_YOUNG_LOW_INCOME,396,396.0,0,0.0
26,WEAgent2,MALE_LOW_INCOME,2178,2178.0,0,0.0
26,WFAgent7,FEMALE_YOUNG_HIGH_INCOME,51,51.0,0,0.0
26,WEAgent0,MALE,1982,1982.0,0,0.0
26,WFAgent0,YOUNG_LOW_INCOME,1526,1526.0,0,0.0
26,WFAgent1,FEMALE_LOW_INCOME,876,876.0,0,0.0
26,WFAgent2,FEMALE,3026,3026.0,4408,0.0
26,WFAgent3,MALE_YOUNG,941,941.0,0,0.0
26,WFAgent4,YOUNG_LOW_INCOME,1526,1526.0,0,0.0
26,WFAgent5,LOW_INCOME,3204,3204.0,0,0.0
27,WEAgent1,OLD,1082,1082.0,947,778.7779999999885
27,WFAgent6,YOUNG_LOW_INCOME,1526,1526.0,0,0.0
27,WEAgent2,FEMALE_LOW_INCOME,876,876.0,0,0.0
27,WFAgent7,YOUNG,2753,2753.0,0,0.0
27,WEAgent0,OLD_LOW_INCOME,1678,1678.0,1715,703.7029999999903
27,WFAgent0,YOUNG,917,917.0,1944,0.0
27,WFAgent1,MALE_HIGH_INCOME,795,795.0,789,0.0
27,WFAgent2,MALE_YOUNG_HIGH_INCOME,103,103.0,0,0.0
27,WFAgent3,LOW_INCOME,4807,4807.0,0,0.0
27,WFAgent4,HIGH_INCOME,795,795.0,873,124.87300000000238
27,WFAgent5,MALE,2973,2973.0,0,0.0
28,WEAgent1,FEMALE_OLD_HIGH_INCOME,162,162.0,0,0.0
28,WFAgent6,OLD_HIGH_INCOME,729,729.0,0,0.0
28,WEAgent2,YOUNG_HIGH_INCOME,309,309.0,0,0.0
28,WFAgent7,LOW_INCOME,1602,1602.0,0,0.0
28,WEAgent0,OLD_HIGH_INCOME,729,729.0,0,0.0
28,WFAgent0,FEMALE_HIGH_INCOME,265,265.0,0,0.0
28,WFAgent1,LOW_INCOME,3204,3204.0,3242,1226.2419999999358
28,WFAgent2,OLD,1082,1082.0,1442,981.4419999999728
28,WFAgent3,OLD,1082,1082.0,0,0.0
28,WFAgent4,MALE_OLD,1041,1041.0,1762,1.7619999999999167
28,WFAgent5,YOUNG,1835,1835.0,1634,192.19200000000055
29,WEAgent1,FEMALE_HIGH_INCOME,265,265.0,0,0.0
29,WFAgent6,FEMALE_LOW_INCOME,876,876.0,2003,0.0
29,WEAgent2,FEMALE_OLD,561,561.0,2333,0.0
29,WFAgent7,HIGH_INCOME,795,795.0,665,462.46199999999595
29,WEAgent0,MALE_YOUNG_LOW_INCOME,1101,1101.0,873,0.8730000000000007
29,WFAgent0,MALE_HIGH_INCOME,265,265.0,190,190.19000000000054
29,WFAgent1,YOUNG_HIGH_INCOME,309,309.0,187,187.18700000000052
29,WFAgent2,FEMALE_HIGH_INCOME,132,132.0,384,0.3840000000000003
29,WFAgent3,MALE_OLD_HIGH_INCOME,323,323.0,322,322.32199999999926
29,WFAgent4,MALE_YOUNG_LOW_INCOME,734,734.0,0,0.0
29,WFAgent5,MALE_YOUNG,941,941.0,940,940.9399999999847
30,WEAgent1,MALE_YOUNG_LOW_INCOME,734,734.0,0,0.0
30,WFAgent6,YOUNG,2753,2753.0,914,914.9139999999853
30,WEAgent2,FEMALE_OLD,561,561.0,560,560.5599999999937
30,WFAgent7,FEMALE_OLD_LOW_INCOME,480,480.0,0,0.0
30,WEAgent0,LOW_INCOME,4807,4807.0,4780,951.9049999999526
30,WFAgent0,MALE_HIGH_INCOME,265,265.0,323,222.2220000000007
30,WFAgent1,YOUNG_HIGH_INCOME,309,309.0,0,0.0
30,WFAgent2,FEMALE_HIGH_INCOME,265,265.0,0,0.0
30,WFAgent3,FEMALE_HIGH_INCOME,397,397.0,688,0.0
30,WFAgent4,MALE_HIGH_INCOME,530,530.0,985,207.20700000000062
30,WFAgent5,FEMALE_OLD,1684,1684.0,1750,532.5319999999944
31,WEAgent1,FEMALE_HIGH_INCOME,265,265.0,0,0.0
31,WFAgent6,FEMALE_YOUNG,447,447.0,0,0.0
31,WEAgent2,OLD_HIGH_INCOME,243,243.0,242,242.2420000000008
31,WFAgent7,HIGH_INCOME,1192,1192.0,910,292.292
31,WEAgent0,FEMALE_YOUNG,894,894.0,1469,431.46899999997214
31,WFAgent0,MALE_YOUNG_HIGH_INCOME,310,310.0,0,0.0
31,WFAgent1,MALE_OLD_HIGH_INCOME,323,323.0,285,285.28500000000014
31,WFAgent2,MALE_YOUNG_HIGH_INCOME,206,206.0,0,0.0
31,WFAgent3,YOUNG_LOW_INCOME,2289,2289.0,2336,453.45299999999617
31,WFAgent4,MALE_HIGH_INCOME,530,530.0,475,13.012999999999995
31,WFAgent5,MALE_OLD_HIGH_INCOME,323,323.0,0,0.0
32,WEAgent1,FEMALE_YOUNG_HIGH_INCOME,153,153.0,0,0.0
32,WFAgent6,FEMALE_OLD_LOW_INCOME,960,960.0,817,817.8169999999876
32,WEAgent2,MALE_HIGH_INCOME,265,265.0,793,0.0
32,WFAgent7,FEMALE_LOW_INCOME,876,876.0,809,809.8089999999878
32,WEAgent0,MALE_YOUNG,1411,1411.0,0,0.0
32,WFAgent0,FEMALE_YOUNG,1341,1341.0,636,636.6359999999919
32,WFAgent1,YOUNG,1835,1835.0,2938,739.7389999999895
32,WFAgent2,MALE_YOUNG,1411,1411.0,0,0.0
32,WFAgent3,FEMALE,2017,2017.0,1502,1503.5019999999715
32,WFAgent4,FEMALE_HIGH_INCOME,397,397.0,540,102.10200000000012
32,WFAgent5,YOUNG_HIGH_INCOME,309,309.0,235,136.13600000000028
33,WEAgent1,OLD,2164,2164.0,2411,3.0029999999999997
33,WFAgent6,OLD_LOW_INCOME,1678,1678.0,0,0.0
33,WEAgent2,FEMALE_HIGH_INCOME,132,132.0,261,0.0
33,WFAgent7,OLD_LOW_INCOME,2517,2517.0,0,0.0
33,WEAgent0,FEMALE_LOW_INCOME,876,876.0,2031,1.001
33,WFAgent0,MALE,2973,2973.0,3652,0.0
33,WFAgent1,MALE_YOUNG_HIGH_INCOME,206,206.0,491,0.0
33,WFAgent2,OLD,3246,3246.0,0,0.0
33,WFAgent3,MALE_LOW_INCOME,726,726.0,0,0.0
33,WFAgent4,OLD_HIGH_INCOME,243,243.0,374,0.0
33,WFAgent5,MALE_LOW_INCOME,2178,2178.0,0,0.0
34,WEAgent1,OLD,1082,1082.0,0,0.0
34,WFAgent6,OLD,2164,2164.0,3584,533.5329999999943
34,WEAgent2,FEMALE_YOUNG_HIGH_INCOME,51,51.0,0,0.0
34,WFAgent7,OLD_HIGH_INCOME,243,243.0,207,207.20700000000062
34,WEAgent0,FEMALE_YOUNG,1341,1341.0,2250,2.0009999999998906
34,WFAgent0,OLD_HIGH_INCOME,243,243.0,213,213.21300000000065
34,WFAgent1,MALE_LOW_INCOME,726,726.0,725,725.7249999999898
34,WFAgent2,FEMALE_OLD,561,561.0,560,560.5599999999937
34,WFAgent3,LOW_INCOME,1602,1602.0,1116,720.7199999999899
34,WFAgent4,FEMALE_OLD_LOW_INCOME,1440,1440.0,0,0.0
34,WFAgent5,YOUNG_HIGH_INCOME,154,154.0,498,0.0
35,WEAgent1,FEMALE_YOUNG_HIGH_INCOME,153,153.0,0,0.0
35,WFAgent6,MALE_YOUNG_HIGH_INCOME,310,310.0,0,0.0
35,WEAgent2,MALE_OLD,520,520.0,2384,151.15100000000035
35,WFAgent7,YOUNG_HIGH_INCOME,309,309.0,302,53.05299999999996
35,WEAgent0,FEMALE_OLD,1123,1123.0,0,0.0
35,WFAgent0,FEMALE,2017,2017.0,0,0.0
35,WFAgent1,FEMALE_OLD_LOW_INCOME,1440,1440.0,0,0.0
35,WFAgent2,FEMALE_LOW_INCOME,2628,2628.0,0,0.0
35,WFAgent3,MALE_HIGH_INCOME,530,530.0,458,70.06999999999996
35,WFAgent4,MALE_OLD_HIGH_INCOME,161,161.0,160,160.1600000000004
35,WFAgent5,MALE_YOUNG,941,941.0,1843,0.0
36,WEAgent1,FEMALE_LOW_INCOME,876,876.0,875,875.8749999999862
36,WFAgent6,FEMALE_YOUNG_LOW_INCOME,792,792.0,0,0.0
36,WEAgent2,FEMALE_HIGH_INCOME,132,132.0,266,0.0
36,WFAgent7,MALE,1982,1982.0,1554,0.7210000000000005
36,WEAgent0,MALE_OLD_LOW_INCOME,1077,1077.0,1747,52.746999999996014
36,WFAgent0,MALE_LOW_INCOME,726,726.0,725,64.72500000000272
36,WFAgent1,FEMALE_YOUNG_LOW_INCOME,792,792.0,0,0.0
36,WFAgent2,FEMALE_OLD,1684,1684.0,374,0.0
36,WFAgent3,FEMALE_YOUNG_LOW_INCOME,396,396.0,1990,0.0
36,WFAgent4,OLD_LOW_INCOME,839,839.0,1554,818.5539999999702
36,WFAgent5,MALE_YOUNG_HIGH_INCOME,103,103.0,102,0.10200000000000008
37,WEAgent1,FEMALE_OLD,561,561.0,2442,2.441999999999842
37,WFAgent6,FEMALE_OLD_HIGH_INCOME,162,162.0,0,0.0
37,WEAgent2,YOUNG,917,917.0,749,749.7489999999892
37,WFAgent7,MALE_OLD_LOW_INCOME,1077,1077.0,1743,1.7429999999999188
37,WEAgent0,FEMALE_YOUNG,894,894.0,893,893.8929999999858
37,WFAgent0,OLD,2164,2164.0,0,0.0
37,WFAgent1,MALE_YOUNG_LOW_INCOME,734,734.0,733,733.7329999999896
37,WFAgent2,OLD,1082,1082.0,0,0.0
37,WFAgent3,HIGH_INCOME,1192,1192.0,1592,367.18199999999376
37,WFAgent4,YOUNG_LOW_INCOME,1526,1526.0,1059,875.8749999999862
37,WFAgent5,MALE_YOUNG,941,941.0,789,688.7889999999883
38,WEAgent1,HIGH_INCOME,397,397.0,160,160.1600000000004
38,WFAgent6,FEMALE,1008,1008.0,1452,604.6039999999927
38,WEAgent2,MALE_OLD,1561,1561.0,0,0.0
38,WFAgent7,MALE_YOUNG_HIGH_INCOME,206,206.0,135,135.13500000000028
38,WEAgent0,FEMALE_YOUNG,1341,1341.0,0,0.0
38,WFAgent0,YOUNG,1835,1835.0,0,0.0
38,WFAgent1,MALE_YOUNG_HIGH_INCOME,103,103.0,102,102.10200000000012
38,WFAgent2,FEMALE_LOW_INCOME,1752,1752.0,3054,639.6389999999918
38,WFAgent3,MALE_YOUNG_HIGH_INCOME,103,103.0,102,102.10200000000012
38,WFAgent4,LOW_INCOME,4807,4807.0,0,0.0
38,WFAgent5,MALE_LOW_INCOME,726,726.0,3556,0.0
39,WEAgent1,MALE,991,991.0,2103,218.10300000000788
39,WFAgent6,MALE_YOUNG,1411,1411.0,0,0.0
39,WEAgent2,FEMALE_YOUNG_LOW_INCOME,1188,1188.0,0,0.0
39,WFAgent7,FEMALE_OLD_HIGH_INCOME,162,162.0,0,0.0
39,WEAgent0,FEMALE_YOUNG,1341,1341.0,1978,1.977999999999893
39,WFAgent0,YOUNG,1835,1835.0,783,0.0
39,WFAgent1,OLD_HIGH_INCOME,729,729.0,0,0.0
39,WFAgent2,OLD_HIGH_INCOME,243,243.0,179,179.17900000000049
39,WFAgent3,FEMALE_YOUNG,1341,1341.0,0,0.0
39,WFAgent4,MALE_OLD,520,520.0,1799,0.0
39,WFAgent5,OLD_HIGH_INCOME,729,729.0,780,421.4209999999969
40,WEAgent1,FEMALE,1008,1008.0,1312,981.9809999999837
40,WFAgent6,FEMALE_HIGH_INCOME,132,132.0,79,79.07900000000001
40,WEAgent2,YOUNG_LOW_INCOME,1526,1526.0,932,932.9319999999849
40,WFAgent7,FEMALE,3026,3026.0,3086,1047.0459999999823
40,WEAgent0,MALE_LOW_INCOME,1452,1452.0,0,0.0
40,WFAgent0,OLD_HIGH_INCOME,486,486.0,1093,124.92800000000256
40,WFAgent1,HIGH_INCOME,397,397.0,229,229.22900000000072
40,WFAgent2,FEMALE_YOUNG_HIGH_INCOME,102,102.0,72,72.07199999999997
40,WFAgent3,MALE_LOW_INCOME,726,726.0,0,0.0
40,WFAgent4,MALE,2973,2973.0,2699,957.6989999999565
40,WFAgent5,MALE_OLD_HIGH_INCOME,484,484.0,0,0.0
41,WEAgent1,YOUNG_HIGH_INCOME,309,309.0,296,183.1830000000005
41,WFAgent6,FEMALE,2017,2017.0,4802,2.00799999999989
41,WEAgent2,MALE_YOUNG_HIGH_INCOME,206,206.0,205,205.2050000000006
41,WFAgent7,MALE_LOW_INCOME,2178,2178.0,1264,1265.2639999999772
41,WEAgent0,LOW_INCOME,3204,3204.0,1394,1395.393999999974
41,WFAgent0,LOW_INCOME,1602,1602.0,454,454.45399999999614
41,WFAgent1,OLD_LOW_INCOME,2517,2517.0,0,0.0
41,WFAgent2,MALE_OLD_HIGH_INCOME,161,161.0,844,0.0
41,WFAgent3,MALE_OLD,520,520.0,484,484.48399999999543
41,WFAgent4,FEMALE_YOUNG,894,894.0,0,0.0
41,WFAgent5,FEMALE_OLD_LOW_INCOME,960,960.0,0,0.0
42,WEAgent1,HIGH_INCOME,795,795.0,0,0.0
42,WFAgent6,FEMALE_OLD_HIGH_INCOME,244,244.0,412,0.0
42,WEAgent2,MALE_OLD,1561,1561.0,0,0.0
42,WFAgent7,MALE_HIGH_INCOME,265,265.0,552,0.0
42,WEAgent0,FEMALE_YOUNG_HIGH_INCOME,153,153.0,0,0.0
42,WFAgent0,OLD,2164,2164.0,4936,2.3739999999998496
42,WFAgent1,FEMALE_OLD_HIGH_INCOME,244,244.0,0,0.0
42,WFAgent2,FEMALE,1008,1008.0,971,0.9710000000000008
42,WFAgent3,MALE_YOUNG_LOW_INCOME,1101,1101.0,1823,0.0
42,WFAgent4,MALE_OLD,1561,1561.0,0,0.0
42,WFAgent5,FEMALE,1008,1008.0,1027,0.9640000000000007
43,WEAgent1,YOUNG_HIGH_INCOME,463,463.0,516,0.0
43,WFAgent6,FEMALE_YOUNG,894,894.0,1013,886.885999999986
43,WEAgent2,FEMALE_OLD_HIGH_INCOME,162,162.0,0,0.0
43,WFAgent7,FEMALE_OLD_HIGH_INCOME,162,162.0,411,0.4110000000000003
43,WEAgent0,FEMALE_YOUNG_HIGH_INCOME,102,102.0,0,0.0
43,WFAgent0,FEMALE_OLD_HIGH_INCOME,81,81.0,0,0.0
43,WFAgent1,MALE_OLD_HIGH_INCOME,161,161.0,792,0.0
43,WFAgent2,FEMALE_YOUNG,894,894.0,893,893.8929999999858
43,WFAgent3,OLD_LOW_INCOME,839,839.0,1808,0.0
43,WFAgent4,FEMALE_YOUNG_HIGH_INCOME,51,51.0,262,0.0
43,WFAgent5,FEMALE_OLD,1684,1684.0,2435,0.0
44,WEAgent1,YOUNG_LOW_INCOME,1526,1526.0,1789,0.0
44,WFAgent6,MALE_OLD_HIGH_INCOME,323,323.0,322,322.32199999999926
44,WEAgent2,HIGH_INCOME,795,795.0,0,0.0
44,WFAgent7,FEMALE_OLD_HIGH_INCOME,244,244.0,0,0.0
44,WEAgent0,FEMALE_HIGH_INCOME,265,265.0,0,0.0
44,WFAgent0,HIGH_INCOME,795,795.0,892,316.45799999999605
44,WFAgent1,MALE_YOUNG,1411,1411.0,0,0.0
44,WFAgent2,OLD,3246,3246.0,1807,525.5249999999945
44,WFAgent3,MALE_OLD_LOW_INCOME,359,359.0,1819,1.8189999999999105
44,WFAgent4,FEMALE_YOUNG_LOW_INCOME,1188,1188.0,2042,0.0
44,WFAgent5,FEMALE_OLD,561,561.0,560,560.5599999999937
45,WEAgent1,OLD_HIGH_INCOME,486,486.0,0,0.0
45,WFAgent6,MALE_YOUNG_LOW_INCOME,1101,1101.0,893,893.8929999999858
45,WEAgent2,MALE_OLD_LOW_INCOME,1077,1077.0,624,624.6239999999922
45,WFAgent7,MALE_YOUNG_LOW_INCOME,1101,1101.0,0,0.0
45,WEAgent0,MALE_OLD,1041,1041.0,1397,609.6089999999925
45,WFAgent0,FEMALE,3026,3026.0,0,0.0
45,WFAgent1,FEMALE_OLD,1684,1684.0,2393,0.0
45,WFAgent2,MALE_OLD,1041,1041.0,605,605.6049999999926
45,WFAgent3,FEMALE_LOW_INCOME,2628,2628.0,0,0.0
45,WFAgent4,MALE_YOUNG,941,941.0,0,0.0
45,WFAgent5,MALE,991,991.0,917,917.9169999999853
46,WEAgent1,FEMALE_OLD_HIGH_INCOME,81,81.0,0,0.0
46,WFAgent6,FEMALE_OLD_HIGH_INCOME,162,162.0,0,0.0
46,WEAgent2,FEMALE_OLD_HIGH_INCOME,162,162.0,0,0.0
46,WFAgent7,HIGH_INCOME,795,795.0,1566,134.0910000000038
46,WEAgent0,YOUNG_LOW_INCOME,2289,2289.0,0,0.0
46,WFAgent0,FEMALE_LOW_INCOME,2628,2628.0,2366,2106.3659999999913
46,WFAgent1,OLD_HIGH_INCOME,243,243.0,0,0.0
46,WFAgent2,FEMALE,3026,3026.0,1986,1987.98599999996
46,WFAgent3,YOUNG,2753,2753.0,0,0.0
46,WFAgent4,FEMALE_HIGH_INCOME,397,397.0,408,140.1400000000003
46,WFAgent5,OLD,2164,2164.0,1815,0.0
47,WEAgent1,FEMALE_LOW_INCOME,2628,2628.0,1319,1320.3189999999759
47,WFAgent6,MALE_OLD,1041,1041.0,0,0.0
47,WEAgent2,FEMALE_YOUNG_HIGH_INCOME,102,102.0,283,0.2830000000000002
47,WFAgent7,MALE_OLD,1041,1041.0,1149,629.6289999999921
47,WEAgent0,MALE,1982,1982.0,2000,1160.1589999999796
47,WFAgent0,FEMALE_YOUNG_HIGH_INCOME,102,102.0,0,0.0
47,WFAgent1,MALE_HIGH_INCOME,265,265.0,0,0.0
47,WFAgent2,FEMALE_OLD_LOW_INCOME,1440,1440.0,1102,673.672999999991
47,WFAgent3,MALE_OLD_LOW_INCOME,718,718.0,0,0.0
47,WFAgent4,FEMALE_LOW_INCOME,2628,2628.0,1257,1258.2569999999773
47,WFAgent5,FEMALE_YOUNG_LOW_INCOME,792,792.0,654,654.6539999999915
48,WEAgent1,LOW_INCOME,1602,1602.0,1746,82.08200000000002
48,WFAgent6,YOUNG,2753,2753.0,0,0.0
48,WEAgent2,OLD_LOW_INCOME,1678,1678.0,1851,745.7449999999893
48,WFAgent7,FEMALE_LOW_INCOME,876,876.0,875,875.8749999999862
48,WEAgent0,YOUNG_HIGH_INCOME,463,463.0,0,0.0
48,WFAgent0,FEMALE_YOUNG_HIGH_INCOME,102,102.0,0,0.0
48,WFAgent1,YOUNG,917,917.0,0,0.0
48,WFAgent2,FEMALE_YOUNG,1341,1341.0,0,0.0
48,WFAgent3,MALE_YOUNG,470,470.0,1867,0.0
48,WFAgent4,FEMALE_LOW_INCOME,2628,2628.0,1711,1552.5509999999704
48,WFAgent5,OLD_HIGH_INCOME,243,243.0,395,0.0
49,WEAgent1,FEMALE_OLD,561,561.0,2431,0.0
49,WFAgent6,FEMALE_YOUNG_LOW_INCOME,396,396.0,395,395.39499999999754
49,WEAgent2,OLD,1082,1082.0,892,256.2560000000008
49,WFAgent7,MALE,991,991.0,0,0.0
49,WEAgent0,LOW_INCOME,1602,1602.0,1028,740.7399999999894
49,WFAgent0,MALE,991,991.0,656,656.6559999999914
49,WFAgent1,MALE_OLD,1041,1041.0,1039,1040.0389999999825
49,WFAgent2,LOW_INCOME,1602,1602.0,1521,1286.2849999999767
49,WFAgent3,MALE_OLD_LOW_INCOME,1077,1077.0,0,0.0
49,WFAgent4,MALE_OLD,1041,1041.0,0,0.0
49,WFAgent5,YOUNG_LOW_INCOME,1526,1526.0,1307,1308.3069999999761
50,WEAgent1,FEMALE_HIGH_INCOME,132,132.0,0,0.0
50,WFAgent6,LOW_INCOME,3204,3204.0,3221,1198.1969999999787
50,WEAgent2,OLD_LOW_INCOME,839,839.0,838,838.8379999999871
50,WFAgent7,FEMALE_YOUNG_HIGH_INCOME,153,153.0,0,0.0
50,WEAgent0,FEMALE,1008,1008.0,723,605.6049999999926
50,WFAgent0,MALE_OLD_HIGH_INCOME,161,161.0,160,0.16000000000000011
50,WFAgent1,YOUNG_HIGH_INCOME,309,309.0,184,184.1840000000005
50,WFAgent2,MALE,1982,1982.0,2184,42.4219999999991
50,WFAgent3,FEMALE_HIGH_INCOME,132,132.0,131,131.13100000000026
50,WFAgent4,MALE_YOUNG_LOW_INCOME,734,734.0,1839,0.0
50,WFAgent5,HIGH_INCOME,795,795.0,720,0.1500000000000001
51,WEAgent1,YOUNG,2753,2753.0,0,0.0
51,WFAgent6,MALE_LOW_INCOME,726,726.0,0,0.0
51,WEAgent2,FEMALE_OLD_LOW_INCOME,960,960.0,0,0.0
51,WFAgent7,LOW_INCOME,4807,4807.0,0,0.0
51,WEAgent0,MALE_HIGH_INCOME,795,795.0,957,180.1800000000005
51,WFAgent0,FEMALE_YOUNG_HIGH_INCOME,153,153.0,73,73.07299999999998
51,WFAgent1,HIGH_INCOME,795,795.0,276,276.27600000000035
51,WFAgent2,HIGH_INCOME,795,795.0,656,280.28000000000026
51,WFAgent3,FEMALE_OLD_LOW_INCOME,1440,1440.0,0,0.0
51,WFAgent4,MALE_OLD,520,520.0,0,0.0
51,WFAgent5,LOW_INCOME,3204,3204.0,6210,1.804999999999912
52,WEAgent1,LOW_INCOME,1602,1602.0,1069,1070.0689999999818
52,WFAgent6,MALE_YOUNG_HIGH_INCOME,206,206.0,486,0.0
52,WEAgent2,YOUNG_HIGH_INCOME,309,309.0,0,0.0
52,WFAgent7,FEMALE_OLD_HIGH_INCOME,81,81.0,0,0.0
52,WEAgent0,FEMALE,1008,1008.0,930,432.8049999999908
52,WFAgent0,FEMALE_YOUNG_HIGH_INCOME,51,51.0,50,50.04999999999997
52,WFAgent1,FEMALE_YOUNG_LOW_INCOME,1188,1188.0,1514,357.35699999999844
52,WFAgent2,MALE_LOW_INCOME,2178,2178.0,2720,935.9349999999848
52,WFAgent3,MALE_YOUNG,470,470.0,0,0.0
52,WFAgent4,FEMALE_OLD_LOW_INCOME,480,480.0,2395,0.0
52,WFAgent5,MALE_OLD_HIGH_INCOME,161,161.0,836,0.0
53,WEAgent1,FEMALE_HIGH_INCOME,265,265.0,0,0.0
53,WFAgent6,FEMALE_OLD_LOW_INCOME,1440,1440.0,770,706.7059999999902
53,WEAgent2,FEMALE_OLD,561,561.0,0,0.0
53,WFAgent7,OLD,3246,3246.0,2976,244.45100000000159
53,WEAgent0,FEMALE_LOW_INCOME,876,876.0,2749,725.7249999999898
53,WFAgent0,FEMALE_YOUNG_LOW_INCOME,396,396.0,0,0.0
53,WFAgent1,MALE_YOUNG,1411,1411.0,1896,0.0
53,WFAgent2,FEMALE_OLD,561,561.0,371,162.37100000000126
53,WFAgent3,FEMALE_OLD_LOW_INCOME,480,480.0,479,479.47899999999555
53,WFAgent4,FEMALE_YOUNG_LOW_INCOME,792,792.0,0,0.0
53,WFAgent5,FEMALE_YOUNG_LOW_INCOME,792,792.0,0,0.0
54,WEAgent1,FEMALE_OLD,1684,1684.0,2397,0.0
54,WFAgent6,HIGH_INCOME,795,795.0,0,0.0
54,WEAgent2,MALE_LOW_INCOME,726,726.0,1717,1.7169999999999217
54,WFAgent7,YOUNG_LOW_INCOME,2289,2289.0,3802,0.0
54,WEAgent0,FEMALE_HIGH_INCOME,265,265.0,0,0.0
54,WFAgent0,MALE_HIGH_INCOME,530,530.0,258,258.2580000000008
54,WFAgent1,HIGH_INCOME,795,795.0,0,0.0
54,WFAgent2,MALE_HIGH_INCOME,265,265.0,694,151.15100000000035
54,WFAgent3,HIGH_INCOME,1192,1192.0,972,274.721000000001
54,WFAgent4,MALE_OLD_HIGH_INCOME,161,161.0,160,160.1600000000004
54,WFAgent5,MALE_OLD,1561,1561.0,0,0.0
55,WEAgent1,FEMALE,1008,1008.0,3124,2.840999999999798
55,WFAgent6,FEMALE_YOUNG,894,894.0,2008,2.00799999999989
55,WEAgent2,MALE_HIGH_INCOME,795,795.0,1045,208.98100000000295
55,WFAgent7,FEMALE_OLD_LOW_INCOME,1440,1440.0,0,0.0
55,WEAgent0,MALE_OLD_LOW_INCOME,359,359.0,0,0.0
55,WFAgent0,MALE_YOUNG_HIGH_INCOME,206,206.0,205,205.2050000000006
55,WFAgent1,MALE_LOW_INCOME,2178,2178.0,3618,0.0
55,WFAgent2,YOUNG_HIGH_INCOME,309,309.0,0,0.0
55,WFAgent3,MALE_OLD_HIGH_INCOME,323,323.0,0,0.0
55,WFAgent4,FEMALE_HIGH_INCOME,265,265.0,0,0.0
55,WFAgent5,FEMALE_YOUNG,447,447.0,0,0.0
56,WEAgent1,FEMALE_LOW_INCOME,1752,1752.0,3256,807.2559999999461
56,WFAgent6,FEMALE_HIGH_INCOME,265,265.0,416,0.0
56,WEAgent2,FEMALE_YOUNG_HIGH_INCOME,153,153.0,0,0.0
56,WFAgent7,FEMALE_LOW_INCOME,1752,1752.0,0,0.0
56,WEAgent0,MALE_LOW_INCOME,1452,1452.0,0,0.0
56,WFAgent0,FEMALE_LOW_INCOME,876,876.0,0,0.0
56,WFAgent1,YOUNG_HIGH_INCOME,154,154.0,0,0.0
56,WFAgent2,OLD_LOW_INCOME,1678,1678.0,1745,0.0
56,WFAgent3,LOW_INCOME,4807,4807.0,0,0.0
56,WFAgent4,FEMALE_YOUNG,894,894.0,0,0.0
56,WFAgent5,YOUNG,2753,2753.0,2999,790.13699999998
57,WEAgent1,FEMALE_OLD_HIGH_INCOME,244,244.0,429,0.4290000000000003
57,WFAgent6,MALE_HIGH_INCOME,265,265.0,0,0.0
57,WEAgent2,FEMALE_OLD_LOW_INCOME,960,960.0,709,709.7089999999902
57,WFAgent7,FEMALE_OLD_HIGH_INCOME,162,162.0,0,0.0
57,WEAgent0,OLD_LOW_INCOME,839,839.0,747,747.7469999999893
57,WFAgent0,OLD_LOW_INCOME,2517,2517.0,2531,744.7439999999893
57,WFAgent1,MALE_HIGH_INCOME,795,795.0,1348,0.8090000000000006
57,WFAgent2,FEMALE_YOUNG,1341,1341.0,0,0.0
57,WFAgent3,FEMALE_YOUNG_LOW_INCOME,792,792.0,791,791.7909999999882
57,WFAgent4,YOUNG_LOW_INCOME,763,763.0,1833,1.832999999999909
57,WFAgent5,LOW_INCOME,3204,3204.0,1348,1006.0049999999832
58,WEAgent1,FEMALE_OLD_LOW_INCOME,1440,1440.0,1600,739.7389999999895
58,WFAgent6,FEMALE_LOW_INCOME,1752,1752.0,1783,230.23000000000073
58,WEAgent2,MALE_YOUNG_HIGH_INCOME,103,103.0,0,0.0
58,WFAgent7,HIGH_INCOME,1192,1192.0,0,0.0
58,WEAgent0,FEMALE_OLD,1123,1123.0,0,0.0
58,WFAgent0,HIGH_INCOME,1192,1192.0,1555,0.0
58,WFAgent1,MALE_YOUNG_HIGH_INCOME,103,103.0,0,0.0
58,WFAgent2,FEMALE,1008,1008.0,1006,1007.0059999999831
58,WFAgent3,LOW_INCOME,1602,1602.0,1826,0.0
58,WFAgent4,FEMALE_OLD_HIGH_INCOME,81,81.0,0,0.0
58,WFAgent5,FEMALE_YOUNG_HIGH_INCOME,102,102.0,0,0.0
59,WEAgent1,MALE,2973,2973.0,2578,1810.1029999999582
59,WFAgent6,OLD_HIGH_INCOME,486,486.0,272,0.2720000000000002
59,WEAgent2,FEMALE_OLD,561,561.0,2448,2.4479999999998414
59,WFAgent7,FEMALE_OLD_HIGH_INCOME,244,244.0,0,0.0
59,WEAgent0,MALE_OLD,1041,1041.0,0,0.0
59,WFAgent0,OLD_HIGH_INCOME,486,486.0,268,0.2680000000000002
59,WFAgent1,FEMALE_OLD,1123,1123.0,0,0.0
59,WFAgent2,MALE_OLD_LOW_INCOME,718,718.0,0,0.0
59,WFAgent3,MALE_OLD_LOW_INCOME,1077,1077.0,0,0.0
59,WFAgent4,MALE_OLD,1561,1561.0,0,0.0
59,WFAgent5,MALE,2973,2973.0,0,0.0
60,WEAgent1,MALE_LOW_INCOME,2178,2178.0,0,0.0
60,WFAgent6,FEMALE_HIGH_INCOME,132,132.0,230,0.0
60,WEAgent2,LOW_INCOME,1602,1602.0,3854,495.8539999999283
60,WFAgent7,OLD_HIGH_INCOME,486,486.0,1199,0.0
60,WEAgent0,MALE_OLD_HIGH_INCOME,161,161.0,0,0.0
60,WFAgent0,FEMALE_OLD_LOW_INCOME,480,480.0,479,479.47899999999555
60,WFAgent1,YOUNG_LOW_INCOME,2289,2289.0,0,0.0
60,WFAgent2,OLD_LOW_INCOME,1678,1678.0,1833,0.0
60,WFAgent3,FEMALE_YOUNG_LOW_INCOME,792,792.0,0,0.0
60,WFAgent4,MALE,2973,2973.0,0,0.0
60,WFAgent5,YOUNG,1835,1835.0,0,0.0
61,WEAgent1,FEMALE,2017,2017.0,1082,753.7529999999891
61,WFAgent6,MALE,1982,1982.0,0,0.0
61,WEAgent2,FEMALE_HIGH_INCOME,397,397.0,0,0.0
61,WFAgent7,OLD_LOW_INCOME,2517,2517.0,2455,637.6369999999919
61,WEAgent0,OLD_LOW_INCOME,1678,1678.0,0,0.0
61,WFAgent0,MALE_OLD,1041,1041.0,0,0.0
61,WFAgent1,FEMALE_OLD_HIGH_INCOME,162,162.0,161,161.1610000000004
61,WFAgent2,FEMALE_OLD,1684,1684.0,612,612.6119999999925
61,WFAgent3,MALE_LOW_INCOME,2178,2178.0,0,0.0
61,WFAgent4,OLD_LOW_INCOME,1678,1678.0,611,611.6109999999925
61,WFAgent5,LOW_INCOME,1602,1602.0,1888,0.0
62,WEAgent1,OLD_LOW_INCOME,839,839.0,1908,418.417999999997
62,WFAgent6,OLD_HIGH_INCOME,729,729.0,854,0.0
62,WEAgent2,MALE_OLD,1561,1561.0,0,0.0
62,WFAgent7,FEMALE_OLD_LOW_INCOME,1440,1440.0,0,0.0
62,WEAgent0,FEMALE_OLD_HIGH_INCOME,81,81.0,0,0.0
62,WFAgent0,FEMALE_HIGH_INCOME,397,397.0,687,0.4070000000000003
62,WFAgent1,FEMALE_YOUNG_LOW_INCOME,396,396.0,1979,0.0
62,WFAgent2,MALE_OLD,1561,1561.0,0,0.0
62,WFAgent3,OLD,3246,3246.0,0,0.0
62,WFAgent4,FEMALE,3026,3026.0,0,0.0
62,WFAgent5,FEMALE_OLD_LOW_INCOME,480,480.0,479,479.47899999999555
63,WEAgent1,MALE_OLD_HIGH_INCOME,161,161.0,805,0.0
63,WFAgent6,FEMALE_HIGH_INCOME,132,132.0,131,131.13100000000026
63,WEAgent2,FEMALE_YOUNG_LOW_INCOME,1188,1188.0,0,0.0
63,WFAgent7,FEMALE_YOUNG_LOW_INCOME,792,792.0,0,0.0
63,WEAgent0,FEMALE_OLD_LOW_INCOME,960,960.0,810,810.8099999999878
63,WFAgent0,FEMALE_YOUNG_HIGH_INCOME,153,153.0,0,0.0
63,WFAgent1,MALE_LOW_INCOME,1452,1452.0,904,904.9039999999856
63,WFAgent2,FEMALE_OLD_LOW_INCOME,1440,1440.0,807,807.8069999999879
63,WFAgent3,FEMALE_OLD_LOW_INCOME,480,480.0,0,0.0
63,WFAgent4,LOW_INCOME,4807,4807.0,3651,1676.6749999999674
63,WFAgent5,FEMALE_HIGH_INCOME,397,397.0,569,125.12500000000023
64,WEAgent1,OLD,2164,2164.0,2774,1002.0009999999833
64,WFAgent6,OLD_LOW_INCOME,839,839.0,838,838.8379999999871
64,WEAgent2,FEMALE,1008,1008.0,2747,755.7469999999596
64,WFAgent7,MALE_YOUNG,1411,1411.0,1813,0.0
64,WEAgent0,FEMALE_OLD_HIGH_INCOME,81,81.0,0,0.0
64,WFAgent0,MALE_OLD_HIGH_INCOME,323,323.0,0,0.0
64,WFAgent1,YOUNG,1835,1835.0,0,0.0
64,WFAgent2,FEMALE_YOUNG_LOW_INCOME,792,792.0,0,0.0
64,WFAgent3,HIGH_INCOME,795,795.0,797,21.021
64,WFAgent4,MALE,2973,2973.0,0,0.0
64,WFAgent5,OLD_HIGH_INCOME,486,486.0,1031,197.19700000000057
65,WEAgent1,FEMALE_OLD_LOW_INCOME,1440,1440.0,1199,1200.1989999999787
65,WFAgent6,MALE_YOUNG_LOW_INCOME,367,367.0,0,0.0
65,WEAgent2,MALE_OLD_LOW_INCOME,359,359.0,0,0.0
65,WFAgent7,YOUNG,2753,2753.0,3532,409.5319999999345
65,WEAgent0,MALE_YOUNG,470,470.0,0,0.0
65,WFAgent0,OLD,3246,3246.0,2322,1169.1679999999794
65,WFAgent1,MALE_OLD_LOW_INCOME,359,359.0,1401,349.3489999999986
65,WFAgent2,FEMALE_YOUNG_LOW_INCOME,396,396.0,395,395.39499999999754
65,WFAgent3,FEMALE_YOUNG,447,447.0,204,0.08400000000000006
65,WFAgent4,MALE_OLD_LOW_INCOME,359,359.0,358,358.3579999999984
65,WFAgent5,FEMALE_YOUNG_HIGH_INCOME,51,51.0,50,0.05000000000000004
66,WEAgent1,FEMALE_YOUNG,447,447.0,2018,2.0179999999998888
66,WFAgent6,MALE_OLD_LOW_INCOME,718,718.0,1794,0.0
66,WEAgent2,MALE_OLD,1041,1041.0,0,0.0
66,WFAgent7,OLD,1082,1082.0,970,970.969999999984
66,WEAgent0,FEMALE_HIGH_INCOME,265,265.0,0,0.0
66,WFAgent0,FEMALE,2017,2017.0,484,484.48399999999543
66,WFAgent1,OLD,2164,2164.0,1001,1002.0009999999833
66,WFAgent2,MALE,2973,2973.0,0,0.0
66,WFAgent3,YOUNG_LOW_INCOME,2289,2289.0,0,0.0
66,WFAgent4,FEMALE_OLD_HIGH_INCOME,81,81.0,396,0.0
66,WFAgent5,MALE_YOUNG,470,470.0,512,0.0
67,WEAgent1,MALE,991,991.0,1300,0.0
67,WFAgent6,FEMALE_YOUNG_LOW_INCOME,1188,1188.0,0,0.0
67,WEAgent2,FEMALE_HIGH_INCOME,397,397.0,662,0.0
67,WFAgent7,YOUNG_LOW_INCOME,2289,2289.0,0,0.0
67,WEAgent0,OLD_LOW_INCOME,2517,2517.0,2527,722.7219999999899
67,WFAgent0,MALE_YOUNG,941,941.0,0,0.0
67,WFAgent1,FEMALE_YOUNG,1341,1341.0,0,0.0
67,WFAgent2,YOUNG_LOW_INCOME,1526,1526.0,0,0.0
67,WFAgent3,OLD_LOW_INCOME,839,839.0,786,786.7859999999883
67,WFAgent4,FEMALE_LOW_INCOME,1752,1752.0,2849,798.7979999999881
67,WFAgent5,YOUNG_LOW_INCOME,763,763.0,1876,0.0
68,WEAgent1,HIGH_INCOME,1192,1192.0,0,0.0
68,WFAgent6,MALE_OLD,520,520.0,0,0.0
68,WEAgent2,YOUNG_LOW_INCOME,2289,2289.0,3893,1.876999999999904
68,WFAgent7,MALE_OLD_LOW_INCOME,1077,1077.0,920,781.9199999999852
68,WEAgent0,FEMALE_YOUNG,894,894.0,0,0.0
68,WFAgent0,HIGH_INCOME,397,397.0,778,0.0
68,WFAgent1,FEMALE_LOW_INCOME,876,876.0,0,0.0
68,WFAgent2,FEMALE,2017,2017.0,0,0.0
68,WFAgent3,YOUNG_HIGH_INCOME,309,309.0,0,0.0
68,WFAgent4,MALE_LOW_INCOME,1452,1452.0,0,0.0
68,WFAgent5,OLD,3246,3246.0,3212,845.844999999987
69,WEAgent1,FEMALE_OLD_HIGH_INCOME,162,162.0,0,0.0
69,WFAgent6,FEMALE_OLD,1123,1123.0,0,0.0
69,WEAgent2,MALE_HIGH_INCOME,795,795.0,0,0.0
69,WFAgent7,FEMALE_YOUNG_LOW_INCOME,396,396.0,0,0.0
69,WEAgent0,MALE,2973,2973.0,3059,513.5129999999948
69,WFAgent0,FEMALE_OLD_LOW_INCOME,960,960.0,2463,0.0
69,WFAgent1,FEMALE_OLD_LOW_INCOME,960,960.0,0,0.0
69,WFAgent2,FEMALE_YOUNG,1341,1341.0,2276,1.9979999999998908
69,WFAgent3,YOUNG_LOW_INCOME,2289,2289.0,1817,0.0
69,WFAgent4,MALE_YOUNG_HIGH_INCOME,103,103.0,0,0.0
69,WFAgent5,OLD_HIGH_INCOME,729,729.0,0,0.0
70,WEAgent1,MALE_HIGH_INCOME,795,795.0,314,314.31399999999945
70,WFAgent6,OLD_HIGH_INCOME,729,729.0,706,289.70600000000087
70,WEAgent2,MALE_OLD_LOW_INCOME,1077,1077.0,1287,559.2869999999765
70,WFAgent7,YOUNG,1835,1835.0,1967,0.0
70,WEAgent0,MALE_YOUNG_HIGH_INCOME,206,206.0,0,0.0
70,WFAgent0,HIGH_INCOME,795,795.0,999,227.22700000000071
70,WFAgent1,FEMALE_HIGH_INCOME,132,132.0,0,0.0
70,WFAgent2,YOUNG_HIGH_INCOME,309,309.0,0,0.0
70,WFAgent3,MALE,991,991.0,1771,0.0
70,WFAgent4,MALE_OLD,520,520.0,519,519.5189999999947
70,WFAgent5,MALE_HIGH_INCOME,265,265.0,0,0.0
71,WEAgent1,FEMALE_HIGH_INCOME,265,265.0,0,0.0
71,WFAgent6,MALE_YOUNG_HIGH_INCOME,310,310.0,183,183.1830000000005
71,WEAgent2,FEMALE_YOUNG_HIGH_INCOME,153,153.0,0,0.0
71,WFAgent7,MALE_HIGH_INCOME,265,265.0,162,162.1620000000004
71,WEAgent0,FEMALE_OLD_HIGH_INCOME,244,244.0,0,0.0
71,WFAgent0,HIGH_INCOME,795,795.0,881,183.1830000000005
71,WFAgent1,FEMALE_OLD_HIGH_INCOME,81,81.0,0,0.0
71,WFAgent2,MALE_LOW_INCOME,726,726.0,1882,0.0
71,WFAgent3,FEMALE_OLD,1684,1684.0,1411,914.9139999999853
71,WFAgent4,FEMALE_OLD_LOW_INCOME,960,960.0,959,959.9589999999843
71,WFAgent5,FEMALE_YOUNG,447,447.0,1978,0.0
72,WEAgent1,MALE_HIGH_INCOME,795,795.0,0,0.0
72,WFAgent6,FEMALE_OLD_LOW_INCOME,1440,1440.0,1108,1109.1079999999808
72,WEAgent2,MALE_OLD_HIGH_INCOME,323,323.0,0,0.0
72,WFAgent7,FEMALE_YOUNG,1341,1341.0,1134,661.8029999999892
72,WEAgent0,FEMALE_YOUNG_LOW_INCOME,396,396.0,395,395.39499999999754
72,WFAgent0,FEMALE_YOUNG_LOW_INCOME,1188,1188.0,0,0.0
72,WFAgent1,FEMALE,1008,1008.0,877,751.876999999987
72,WFAgent2,MALE_YOUNG_LOW_INCOME,1101,1101.0,0,0.0
72,WFAgent3,OLD,3246,3246.0,2859,1175.858999999951
72,WFAgent4,MALE_LOW_INCOME,2178,2178.0,1870,0.0
72,WFAgent5,MALE_OLD_LOW_INCOME,359,359.0,0,0.0
73,WEAgent1,MALE_YOUNG_LOW_INCOME,1101,1101.0,0,0.0
73,WFAgent6,MALE_YOUNG_LOW_INCOME,734,734.0,733,733.7329999999896
73,WEAgent2,FEMALE_HIGH_INCOME,132,132.0,144,97.0970000000001
73,WFAgent7,FEMALE_OLD_LOW_INCOME,480,480.0,479,479.47899999999555
73,WEAgent0,FEMALE_YOUNG_HIGH_INCOME,102,102.0,101,101.10100000000011
73,WFAgent0,MALE_YOUNG_HIGH_INCOME,206,206.0,538,0.0
73,WFAgent1,YOUNG_LOW_INCOME,2289,2289.0,0,0.0
73,WFAgent2,FEMALE_OLD_LOW_INCOME,960,960.0,1951,539.9509999999608
73,WFAgent3,YOUNG_LOW_INCOME,1526,1526.0,1086,706.7059999999902
73,WFAgent4,OLD_LOW_INCOME,1678,1678.0,1851,0.0
73,WFAgent5,FEMALE_OLD_LOW_INCOME,480,480.0,0,0.0
74,WEAgent1,OLD_LOW_INCOME,2517,2517.0,0,0.0
74,WFAgent6,OLD,3246,3246.0,2925,513.5129999999948
74,WEAgent2,LOW_INCOME,4807,4807.0,3219,1236.2189999999432
74,WFAgent7,MALE_YOUNG_HIGH_INCOME,310,310.0,0,0.0
74,WEAgent0,YOUNG_LOW_INCOME,1526,1526.0,0,0.0
74,WFAgent0,MALE_OLD_LOW_INCOME,359,359.0,358,358.3579999999984
74,WFAgent1,MALE,1982,1982.0,1260,733.2599999999806
74,WFAgent2,FEMALE_YOUNG,894,894.0,0,0.0
74,WFAgent3,HIGH_INCOME,795,795.0,593,0.0
74,WFAgent4,YOUNG,917,917.0,0,0.0
74,WFAgent5,MALE,991,991.0,849,849.8489999999869
75,WEAgent1,MALE_OLD_HIGH_INCOME,484,484.0,0,0.0
75,WFAgent6,FEMALE_HIGH_INCOME,265,265.0,662,0.4170000000000003
75,WEAgent2,FEMALE_OLD_LOW_INCOME,960,960.0,0,0.0
75,WFAgent7,OLD,2164,2164.0,0,0.0
75,WEAgent0,LOW_INCOME,3204,3204.0,2565,703.5199999999679
75,WFAgent0,LOW_INCOME,1602,1602.0,2630,706.7059999999902
75,WFAgent1,OLD,1082,1082.0,2415,0.0
75,WFAgent2,MALE_OLD,1041,1041.0,0,0.0
75,WFAgent3,YOUNG_LOW_INCOME,763,763.0,0,0.0
75,WFAgent4,MALE_OLD_HIGH_INCOME,484,484.0,824,0.0
75,WFAgent5,MALE_YOUNG_LOW_INCOME,367,367.0,366,366.3659999999982
76,WEAgent1,MALE_OLD_LOW_INCOME,718,718.0,0,0.0
76,WFAgent6,FEMALE_OLD_HIGH_INCOME,244,244.0,244,142.2440000000008
76,WEAgent2,MALE,1982,1982.0,2606,0.7900000000000006
76,WFAgent7,FEMALE_LOW_INCOME,876,876.0,655,655.6549999999914
76,WEAgent0,FEMALE_LOW_INCOME,1752,1752.0,2369,1.001
76,WFAgent0,YOUNG,2753,2753.0,2574,675.674999999991
76,WFAgent1,FEMALE_YOUNG_LOW_INCOME,792,792.0,0,0.0
76,WFAgent2,YOUNG,1835,1835.0,1391,627.154999999986
76,WFAgent3,FEMALE_OLD_HIGH_INCOME,162,162.0,161,161.1610000000004
76,WFAgent4,HIGH_INCOME,795,795.0,0,0.0
76,WFAgent5,MALE_YOUNG_LOW_INCOME,1101,1101.0,0,0.0
77,WEAgent1,YOUNG_LOW_INCOME,1526,1526.0,0,0.0
77,WFAgent6,MALE_OLD,1561,1561.0,1851,0.0
77,WEAgent2,MALE_OLD_HIGH_INCOME,484,484.0,0,0.0
77,WFAgent7,MALE_YOUNG_LOW_INCOME,367,367.0,0,0.0
77,WEAgent0,FEMALE_HIGH_INCOME,132,132.0,0,0.0
77,WFAgent0,HIGH_INCOME,795,795.0,1216,0.0
77,WFAgent1,FEMALE_OLD,1123,1123.0,1747,636.6359999999919
77,WFAgent2,FEMALE_HIGH_INCOME,265,265.0,0,0.0
77,WFAgent3,YOUNG,2753,2753.0,0,0.0
77,WFAgent4,MALE_YOUNG_HIGH_INCOME,206,206.0,509,0.5090000000000003
77,WFAgent5,FEMALE_LOW_INCOME,2628,2628.0,2612,648.6479999999916
78,WEAgent1,FEMALE_YOUNG_LOW_INCOME,396,396.0,0,0.0
78,WFAgent6,FEMALE_YOUNG,447,447.0,446,446.44599999999633
78,WEAgent2,FEMALE_LOW_INCOME,2628,2628.0,3138,759.758999999989
78,WFAgent7,FEMALE_HIGH_INCOME,397,397.0,664,0.0
78,WEAgent0,MALE_OLD_LOW_INCOME,1077,1077.0,0,0.0
78,WFAgent0,FEMALE_LOW_INCOME,876,876.0,779,779.7789999999885
78,WFAgent1,MALE_HIGH_INCOME,530,530.0,1329,0.0
78,WFAgent2,MALE_YOUNG_LOW_INCOME,1101,1101.0,969,958.9579999999843
78,WFAgent3,OLD_LOW_INCOME,1678,1678.0,0,0.0
78,WFAgent4,OLD,2164,2164.0,0,0.0
78,WFAgent5,YOUNG,917,917.0,916,916.9159999999853
79,WEAgent1,FEMALE,1008,1008.0,3069,2.449999999999841
79,WFAgent6,MALE_LOW_INCOME,1452,1452.0,1247,1248.2469999999776
79,WEAgent2,MALE,1982,1982.0,1056,1057.055999999982
79,WFAgent7,YOUNG_HIGH_INCOME,309,309.0,189,189.18900000000053
79,WEAgent0,HIGH_INCOME,397,397.0,0,0.0
79,WFAgent0,MALE_LOW_INCOME,1452,1452.0,1269,1270.268999999977
79,WFAgent1,YOUNG_HIGH_INCOME,463,463.0,0,0.0
79,WFAgent2,MALE_OLD_HIGH_INCOME,484,484.0,416,416.41599999999704
79,WFAgent3,OLD_LOW_INCOME,2517,2517.0,0,0.0
79,WFAgent4,HIGH_INCOME,397,397.0,162,162.1620000000004
79,WFAgent5,MALE_LOW_INCOME,1452,1452.0,518,518.5179999999947
80,WEAgent1,MALE,2973,2973.0,2584,288.28800000000007
80,WFAgent6,MALE_HIGH_INCOME,265,265.0,128,128.12800000000024
80,WEAgent2,LOW_INCOME,1602,1602.0,937,937.9369999999848
80,WFAgent7,YOUNG_HIGH_INCOME,154,154.0,62,62.06199999999994
80,WEAgent0,FEMALE,3026,3026.0,1609,1170.1689999999794
80,WFAgent0,HIGH_INCOME,397,397.0,190,190.19000000000054
80,WFAgent1,YOUNG_LOW_INCOME,763,763.0,762,762.7619999999889
80,WFAgent2,MALE_YOUNG_HIGH_INCOME,103,103.0,0,0.0
80,WFAgent3,FEMALE_YOUNG_LOW_INCOME,1188,1188.0,693,693.6929999999905
80,WFAgent4,LOW_INCOME,1602,1602.0,2851,1262.2609999999772
80,WFAgent5,YOUNG_HIGH_INCOME,309,309.0,184,184.1840000000005
81,WEAgent1,FEMALE,1008,1008.0,916,671.9159999999853
81,WFAgent6,MALE_YOUNG_HIGH_INCOME,310,310.0,0,0.0
81,WEAgent2,MALE_HIGH_INCOME,265,265.0,820,0.8200000000000006
81,WFAgent7,FEMALE_YOUNG_HIGH_INCOME,51,51.0,282,0.0
81,WEAgent0,FEMALE_HIGH_INCOME,132,132.0,0,0.0
81,WFAgent0,OLD_HIGH_INCOME,486,486.0,0,0.0
81,WFAgent1,MALE_YOUNG,470,470.0,963,427.96299999999036
81,WFAgent2,YOUNG,2753,2753.0,2323,1124.1229999999805
81,WFAgent3,FEMALE_OLD,561,561.0,2233,183.1830000000005
81,WFAgent4,LOW_INCOME,3204,3204.0,2383,705.7049999999903
81,WFAgent5,FEMALE_OLD_HIGH_INCOME,81,81.0,80,80.08000000000001
82,WEAgent1,MALE_OLD,520,520.0,0,0.0
82,WFAgent6,OLD,3246,3246.0,4204,0.0
82,WEAgent2,MALE_OLD_LOW_INCOME,718,718.0,0,0.0
82,WFAgent7,FEMALE_OLD_LOW_INCOME,1440,1440.0,0,0.0
82,WEAgent0,MALE_YOUNG_HIGH_INCOME,103,103.0,162,0.0
82,WFAgent0,HIGH_INCOME,397,397.0,280,280.28000000000026
82,WFAgent1,MALE_OLD_HIGH_INCOME,484,484.0,759,61.06099999999994
82,WFAgent2,FEMALE_YOUNG,447,447.0,1961,0.0
82,WFAgent3,YOUNG_HIGH_INCOME,463,463.0,324,324.3239999999992
82,WFAgent4,OLD_HIGH_INCOME,486,486.0,486,78.078
82,WFAgent5,OLD,3246,3246.0,0,0.0
83,WEAgent1,OLD,3246,3246.0,2174,1283.2819999999767
83,WFAgent6,FEMALE_OLD_HIGH_INCOME,162,162.0,161,161.1610000000004
83,WEAgent2,MALE_YOUNG_LOW_INCOME,367,367.0,366,366.3659999999982
83,WFAgent7,FEMALE_OLD,561,561.0,560,560.5599999999937
83,WEAgent0,MALE_OLD_HIGH_INCOME,484,484.0,0,0.0
83,WFAgent0,MALE_OLD,1561,1561.0,0,0.0
83,WFAgent1,OLD,1082,1082.0,1587,546.545999999994
83,WFAgent2,YOUNG_HIGH_INCOME,154,154.0,161,134.13400000000027
83,WFAgent3,FEMALE_HIGH_INCOME,132,132.0,131,131.13100000000026
83,WFAgent4,MALE_OLD,1561,1561.0,901,901.9009999999856
83,WFAgent5,MALE_YOUNG,941,941.0,1964,330.3299999999991
84,WEAgent1,YOUNG_HIGH_INCOME,463,463.0,0,0.0
84,WFAgent6,FEMALE_YOUNG_LOW_INCOME,792,792.0,791,791.7909999999882
84,WEAgent2,MALE_HIGH_INCOME,795,795.0,0,0.0
84,WFAgent7,YOUNG_HIGH_INCOME,154,154.0,153,153.15300000000036
84,WEAgent0,FEMALE,3026,3026.0,4184,837.8369999999871
84,WFAgent0,HIGH_INCOME,1192,1192.0,0,0.0
84,WFAgent1,MALE_LOW_INCOME,726,726.0,1855,0.0
84,WFAgent2,YOUNG_HIGH_INCOME,154,154.0,0,0.0
84,WFAgent3,MALE_OLD,520,520.0,1836,0.0
84,WFAgent4,MALE_HIGH_INCOME,795,795.0,1181,139.1390000000003
84,WFAgent5,YOUNG_HIGH_INCOME,154,154.0,0,0.0
85,WEAgent1,FEMALE_OLD,1123,1123.0,2458,0.0
85,WFAgent6,MALE_LOW_INCOME,1452,1452.0,937,838.9369999999848
85,WEAgent2,OLD,2164,2164.0,1329,1330.3289999999756
85,WFAgent7,MALE_OLD,1561,1561.0,928,928.927999999985
85,WEAgent0,MALE_YOUNG,1411,1411.0,1398,894.8939999999858
85,WFAgent0,YOUNG_LOW_INCOME,763,763.0,1917,0.0
85,WFAgent1,MALE_OLD_HIGH_INCOME,484,484.0,278,278.2780000000003
85,WFAgent2,HIGH_INCOME,397,397.0,273,273.2730000000004
85,WFAgent3,MALE_YOUNG_LOW_INCOME,367,367.0,0,0.0
85,WFAgent4,FEMALE_HIGH_INCOME,397,397.0,215,215.21500000000066
85,WFAgent5,HIGH_INCOME,1192,1192.0,0,0.0
86,WEAgent1,FEMALE_OLD_HIGH_INCOME,81,81.0,0,0.0
86,WFAgent6,OLD,1082,1082.0,0,0.0
86,WEAgent2,YOUNG_HIGH_INCOME,154,154.0,0,0.0
86,WFAgent7,FEMALE,2017,2017.0,3503,936.9359999999848
86,WEAgent0,LOW_INCOME,3204,3204.0,3184,1412.1839999999384
86,WFAgent0,MALE_YOUNG_LOW_INCOME,734,734.0,0,0.0
86,WFAgent1,FEMALE_HIGH_INCOME,397,397.0,229,229.22900000000072
86,WFAgent2,FEMALE_HIGH_INCOME,397,397.0,369,255.25500000000085
86,WFAgent3,YOUNG,2753,2753.0,0,0.0
86,WFAgent4,MALE_YOUNG,941,941.0,523,0.0
86,WFAgent5,FEMALE_LOW_INCOME,876,876.0,875,875.8749999999862
87,WEAgent1,MALE_OLD_HIGH_INCOME,161,161.0,0,0.0
87,WFAgent6,OLD_HIGH_INCOME,729,729.0,1247,0.0
87,WEAgent2,MALE_YOUNG_LOW_INCOME,1101,1101.0,0,0.0
87,WFAgent7,FEMALE_LOW_INCOME,1752,1752.0,0,0.0
87,WEAgent0,YOUNG,2753,2753.0,0,0.0
87,WFAgent0,OLD_LOW_INCOME,1678,1678.0,1566,765.7649999999888
87,WFAgent1,YOUNG,1835,1835.0,1864,1.8639999999999055
87,WFAgent2,MALE_YOUNG_HIGH_INCOME,206,206.0,0,0.0
87,WFAgent3,MALE_OLD_LOW_INCOME,359,359.0,1776,0.0
87,WFAgent4,FEMALE,3026,3026.0,3012,790.7899999999883
87,WFAgent5,MALE_YOUNG,470,470.0,0,0.0
88,WEAgent1,MALE_HIGH_INCOME,795,795.0,0,0.0
88,WFAgent6,YOUNG_LOW_INCOME,1526,1526.0,0,0.0
88,WEAgent2,MALE_LOW_INCOME,726,726.0,0,0.0
88,WFAgent7,OLD,3246,3246.0,0,0.0
88,WEAgent0,FEMALE,3026,3026.0,3150,3025.1500000001683
88,WFAgent0,LOW_INCOME,3204,3204.0,2549,629.6289999999921
88,WFAgent1,OLD_LOW_INCOME,2517,2517.0,1846,20.02
88,WFAgent2,FEMALE_LOW_INCOME,2628,2628.0,609,609.6089999999925
88,WFAgent3,FEMALE_YOUNG_HIGH_INCOME,102,102.0,0,0.0
88,WFAgent4,HIGH_INCOME,1192,1192.0,1846,0.1380000000000001
88,WFAgent5,FEMALE_OLD_HIGH_INCOME,81,81.0,0,0.0
89,WEAgent1,FEMALE_OLD_HIGH_INCOME,162,162.0,377,0.3770000000000003
89,WFAgent6,MALE_LOW_INCOME,2178,2178.0,0,0.0
89,WEAgent2,YOUNG_LOW_INCOME,2289,2289.0,1142,1143.14199999998
89,WFAgent7,MALE_OLD,1561,1561.0,844,0.0
89,WEAgent0,FEMALE_YOUNG_LOW_INCOME,792,792.0,1542,449.44899999999626
89,WFAgent0,YOUNG_HIGH_INCOME,309,309.0,760,0.5070000000000003
89,WFAgent1,MALE_YOUNG,470,470.0,469,469.4689999999958
89,WFAgent2,FEMALE_OLD_HIGH_INCOME,244,244.0,0,0.0
89,WFAgent3,MALE,2973,2973.0,2447,696.4469999999696
89,WFAgent4,MALE_LOW_INCOME,2178,2178.0,0,0.0
89,WFAgent5,FEMALE_YOUNG_LOW_INCOME,396,396.0,0,0.0
90,WEAgent1,MALE_OLD,1561,1561.0,0,0.0
90,WFAgent6,FEMALE_OLD,1684,1684.0,1218,1219.2179999999782
90,WEAgent2,MALE_LOW_INCOME,2178,2178.0,3662,1.8649999999999054
90,WFAgent7,FEMALE_OLD_LOW_INCOME,480,480.0,0,0.0
90,WEAgent0,MALE_LOW_INCOME,1452,1452.0,0,0.0
90,WFAgent0,FEMALE_OLD_LOW_INCOME,480,480.0,0,0.0
90,WFAgent1,MALE_OLD_HIGH_INCOME,484,484.0,403,403.40299999999735
90,WFAgent2,OLD,2164,2164.0,1659,1215.2139999999783
90,WFAgent3,MALE_YOUNG_LOW_INCOME,367,367.0,0,0.0
90,WFAgent4,YOUNG,1835,1835.0,1908,0.0
90,WFAgent5,MALE_OLD_HIGH_INCOME,484,484.0,387,387.3869999999977
91,WEAgent1,MALE_YOUNG_HIGH_INCOME,310,310.0,0,0.0
91,WFAgent6,YOUNG_LOW_INCOME,1526,1526.0,2834,978.9779999999838
91,WEAgent2,FEMALE_YOUNG_LOW_INCOME,1188,1188.0,0,0.0
91,WFAgent7,FEMALE_LOW_INCOME,2628,2628.0,3416,1028.0269999999828
91,WEAgent0,OLD,1082,1082.0,1200,0.0
91,WFAgent0,HIGH_INCOME,397,397.0,783,0.0
91,WFAgent1,FEMALE_OLD_LOW_INCOME,960,960.0,0,0.0
91,WFAgent2,MALE_OLD,1041,1041.0,1767,0.0
91,WFAgent3,MALE_YOUNG,1411,1411.0,0,0.0
91,WFAgent4,FEMALE,1008,1008.0,0,0.0
91,WFAgent5,FEMALE_YOUNG_HIGH_INCOME,51,51.0,0,0.0
92,WEAgent1,MALE_YOUNG,1411,1411.0,0,0.0
92,WFAgent6,YOUNG,1835,1835.0,2627,0.5180000000000003
92,WEAgent2,FEMALE_LOW_INCOME,876,876.0,1947,1.9469999999998964
92,WFAgent7,OLD,3246,3246.0,0,0.0
92,WEAgent0,FEMALE_OLD_LOW_INCOME,480,480.0,479,479.47899999999555
92,WFAgent0,LOW_INCOME,1602,1602.0,0,0.0
92,WFAgent1,OLD,3246,3246.0,3685,448.4479999999963
92,WFAgent2,YOUNG_LOW_INCOME,1526,1526.0,0,0.0
92,WFAgent3,MALE_YOUNG_HIGH_INCOME,206,206.0,0,0.0
92,WFAgent4,OLD_HIGH_INCOME,243,243.0,427,0.0
92,WFAgent5,MALE_YOUNG_HIGH_INCOME,206,206.0,0,0.0
93,WEAgent1,FEMALE_YOUNG,447,447.0,0,0.0
93,WFAgent6,FEMALE,2017,2017.0,3388,1168.1669999999795
93,WEAgent2,OLD_HIGH_INCOME,729,729.0,0,0.0
93,WFAgent7,FEMALE_OLD,1684,1684.0,1214,1215.2139999999783
93,WEAgent0,MALE_YOUNG_LOW_INCOME,367,367.0,366,366.3659999999982
93,WFAgent0,FEMALE,1008,1008.0,0,0.0
93,WFAgent1,OLD_HIGH_INCOME,486,486.0,426,0.0
93,WFAgent2,OLD,2164,2164.0,1745,0.0
93,WFAgent3,MALE_YOUNG_LOW_INCOME,1101,1101.0,1528,381.38099999999787
93,WFAgent4,MALE_HIGH_INCOME,795,795.0,0,0.0
93,WFAgent5,MALE_HIGH_INCOME,795,795.0,1333,0.8220000000000006
94,WEAgent1,MALE_OLD_LOW_INCOME,1077,1077.0,0,0.0
94,WFAgent6,MALE_OLD_HIGH_INCOME,484,484.0,587,0.16800000000000012
94,WEAgent2,FEMALE_LOW_INCOME,2628,2628.0,3995,438.4379999999965
94,WFAgent7,FEMALE_OLD,1684,1684.0,0,0.0
94,WEAgent0,FEMALE_OLD_LOW_INCOME,1440,1440.0,0,0.0
94,WFAgent0,LOW_INCOME,1602,1602.0,889,889.8889999999859
94,WFAgent1,MALE_YOUNG_LOW_INCOME,367,367.0,0,0.0
94,WFAgent2,YOUNG_LOW_INCOME,2289,2289.0,0,0.0
94,WFAgent3,MALE_OLD_HIGH_INCOME,161,161.0,160,0.16000000000000011
94,WFAgent4,YOUNG_LOW_INCOME,2289,2289.0,1379,1380.3789999999744
94,WFAgent5,MALE_OLD_LOW_INCOME,1077,1077.0,0,0.0
95,WEAgent1,MALE_YOUNG,1411,1411.0,0,0.0
95,WFAgent6,MALE_HIGH_INCOME,795,795.0,1332,0.0
95,WEAgent2,OLD_LOW_INCOME,839,839.0,2345,0.0
95,WFAgent7,FEMALE_YOUNG,447,447.0,0,0.0
95,WEAgent0,LOW_INCOME,3204,3204.0,2032,1021.0199999999828
95,WFAgent0,YOUNG_HIGH_INCOME,463,463.0,0,0.0
95,WFAgent1,MALE_LOW_INCOME,1452,1452.0,1019,1020.0189999999828
95,WFAgent2,YOUNG_LOW_INCOME,1526,1526.0,0,0.0
95,WFAgent3,YOUNG_HIGH_INCOME,463,463.0,0,0.0
95,WFAgent4,FEMALE_YOUNG,894,894.0,2016,0.0
95,WFAgent5,MALE_OLD,1041,1041.0,609,609.6089999999925
96,WEAgent1,FEMALE_OLD,1123,1123.0,2668,151.15100000000035
96,WFAgent6,FEMALE_LOW_INCOME,876,876.0,1958,1.9579999999998952
96,WEAgent2,FEMALE_YOUNG_HIGH_INCOME,153,153.0,0,0.0
96,WFAgent7,MALE_OLD_HIGH_INCOME,323,323.0,680,62.6799999999985
96,WEAgent0,FEMALE_OLD_HIGH_INCOME,162,162.0,0,0.0
96,WFAgent0,YOUNG_LOW_INCOME,2289,2289.0,1804,0.0
96,WFAgent1,MALE_OLD_LOW_INCOME,359,359.0,1869,0.0
96,WFAgent2,MALE_HIGH_INCOME,530,530.0,348,348.34799999999865
96,WFAgent3,HIGH_INCOME,795,795.0,246,246.2460000000008
96,WFAgent4,FEMALE_OLD_HIGH_INCOME,162,162.0,161,161.1610000000004
96,WFAgent5,YOUNG_HIGH_INCOME,309,309.0,0,0.0
97,WEAgent1,FEMALE,3026,3026.0,4911,2055.0529999999603
97,WFAgent6,YOUNG_LOW_INCOME,2289,2289.0,1093,714.71399999999
97,WEAgent2,MALE_OLD_LOW_INCOME,718,718.0,0,0.0
97,WFAgent7,YOUNG,1835,1835.0,0,0.0
97,WEAgent0,MALE,2973,2973.0,2133,943.9429999999846
97,WFAgent0,MALE_OLD_LOW_INCOME,1077,1077.0,917,917.9169999999853
97,WFAgent1,YOUNG_HIGH_INCOME,309,309.0,184,184.1840000000005
97,WFAgent2,FEMALE_YOUNG_HIGH_INCOME,153,153.0,0,0.0
97,WFAgent3,YOUNG_LOW_INCOME,763,763.0,762,762.7619999999889
97,WFAgent4,MALE_LOW_INCOME,1452,1452.0,0,0.0
97,WFAgent5,FEMALE_YOUNG,894,894.0,0,0.0
98,WEAgent1,MALE_LOW_INCOME,2178,2178.0,2237,383.3829999999978
98,WFAgent6,HIGH_INCOME,795,795.0,0,0.0
98,WEAgent2,MALE_HIGH_INCOME,795,795.0,792,0.0
98,WFAgent7,MALE_YOUNG_HIGH_INCOME,310,310.0,0,0.0
98,WEAgent0,YOUNG,1835,1835.0,1113,620.6199999999923
98,WFAgent0,MALE_HIGH_INCOME,265,265.0,0,0.0
98,WFAgent1,MALE_YOUNG,941,941.0,467,467.46699999999583
98,WFAgent2,FEMALE_YOUNG_HIGH_INCOME,153,153.0,128,128.12800000000024
98,WFAgent3,YOUNG,1835,1835.0,500,500.49999999999505
98,WFAgent4,FEMALE_OLD_HIGH_INCOME,162,162.0,394,0.0
98,WFAgent5,FEMALE_YOUNG_LOW_INCOME,396,396.0,1932,0.0
99,WEAgent1,LOW_INCOME,3204,3204.0,1787,986.9859999999836
99,WFAgent6,YOUNG,2753,2753.0,0,0.0
99,WEAgent2,MALE_OLD,1561,1561.0,0,0.0
99,WFAgent7,LOW_INCOME,3204,3204.0,4484,1218.2169999999783
99,WEAgent0,FEMALE_YOUNG_LOW_INCOME,792,792.0,0,0.0
99,WFAgent0,MALE_HIGH_INCOME,265,265.0,184,184.1840000000005
99,WFAgent1,YOUNG_LOW_INCOME,763,763.0,0,0.0
99,WFAgent2,HIGH_INCOME,1192,1192.0,807,178.17800000000048
99,WFAgent3,MALE,2973,2973.0,1820,1028.0269999999828
99,WFAgent4,MALE_OLD_LOW_INCOME,359,359.0,358,358.3579999999984
99,WFAgent5,FEMALE_OLD,561,561.0,560,560.5599999999937

